order_product_key,order_number,product_code
10107_S10_1678,10107,S10_1678
10121_S10_1678,10121,S10_1678
10134_S10_1678,10134,S10_1678
10145_S10_1678,10145,S10_1678
10159_S10_1678,10159,S10_1678
10168_S10_1678,10168,S10_1678
10180_S10_1678,10180,S10_1678
10188_S10_1678,10188,S10_1678
10201_S10_1678,10201,S10_1678
10211_S10_1678,10211,S10_1678
10223_S10_1678,10223,S10_1678
10237_S10_1678,10237,S10_1678
10251_S10_1678,10251,S10_1678
10263_S10_1678,10263,S10_1678
10275_S10_1678,10275,S10_1678
10285_S10_1678,10285,S10_1678
10299_S10_1678,10299,S10_1678
10309_S10_1678,10309,S10_1678
10318_S10_1678,10318,S10_1678
10329_S10_1678,10329,S10_1678
10341_S10_1678,10341,S10_1678
10361_S10_1678,10361,S10_1678
10375_S10_1678,10375,S10_1678
10388_S10_1678,10388,S10_1678
10403_S10_1678,10403,S10_1678
10417_S10_1678,10417,S10_1678
10103_S10_1949,10103,S10_1949
10112_S10_1949,10112,S10_1949
10126_S10_1949,10126,S10_1949
10140_S10_1949,10140,S10_1949
10150_S10_1949,10150,S10_1949
10163_S10_1949,10163,S10_1949
10174_S10_1949,10174,S10_1949
10183_S10_1949,10183,S10_1949
10194_S10_1949,10194,S10_1949
10206_S10_1949,10206,S10_1949
10215_S10_1949,10215,S10_1949
10228_S10_1949,10228,S10_1949
10245_S10_1949,10245,S10_1949
10258_S10_1949,10258,S10_1949
10270_S10_1949,10270,S10_1949
10280_S10_1949,10280,S10_1949
10291_S10_1949,10291,S10_1949
10304_S10_1949,10304,S10_1949
10312_S10_1949,10312,S10_1949
10322_S10_1949,10322,S10_1949
10333_S10_1949,10333,S10_1949
10347_S10_1949,10347,S10_1949
10357_S10_1949,10357,S10_1949
10369_S10_1949,10369,S10_1949
10381_S10_1949,10381,S10_1949
10391_S10_1949,10391,S10_1949
10411_S10_1949,10411,S10_1949
10424_S10_1949,10424,S10_1949
10107_S10_2016,10107,S10_2016
10120_S10_2016,10120,S10_2016
10134_S10_2016,10134,S10_2016
10145_S10_2016,10145,S10_2016
10159_S10_2016,10159,S10_2016
10168_S10_2016,10168,S10_2016
10180_S10_2016,10180,S10_2016
10188_S10_2016,10188,S10_2016
10201_S10_2016,10201,S10_2016
10210_S10_2016,10210,S10_2016
10223_S10_2016,10223,S10_2016
10236_S10_2016,10236,S10_2016
10251_S10_2016,10251,S10_2016
10263_S10_2016,10263,S10_2016
10275_S10_2016,10275,S10_2016
10285_S10_2016,10285,S10_2016
10298_S10_2016,10298,S10_2016
10308_S10_2016,10308,S10_2016
10318_S10_2016,10318,S10_2016
10329_S10_2016,10329,S10_2016
10339_S10_2016,10339,S10_2016
10361_S10_2016,10361,S10_2016
10374_S10_2016,10374,S10_2016
10388_S10_2016,10388,S10_2016
10402_S10_2016,10402,S10_2016
10417_S10_2016,10417,S10_2016
10107_S10_4698,10107,S10_4698
10120_S10_4698,10120,S10_4698
10134_S10_4698,10134,S10_4698
10145_S10_4698,10145,S10_4698
10159_S10_4698,10159,S10_4698
10168_S10_4698,10168,S10_4698
10180_S10_4698,10180,S10_4698
10188_S10_4698,10188,S10_4698
10201_S10_4698,10201,S10_4698
10210_S10_4698,10210,S10_4698
10223_S10_4698,10223,S10_4698
10237_S10_4698,10237,S10_4698
10251_S10_4698,10251,S10_4698
10263_S10_4698,10263,S10_4698
10275_S10_4698,10275,S10_4698
10285_S10_4698,10285,S10_4698
10299_S10_4698,10299,S10_4698
10308_S10_4698,10308,S10_4698
10318_S10_4698,10318,S10_4698
10329_S10_4698,10329,S10_4698
10339_S10_4698,10339,S10_4698
10362_S10_4698,10362,S10_4698
10374_S10_4698,10374,S10_4698
10388_S10_4698,10388,S10_4698
10403_S10_4698,10403,S10_4698
10417_S10_4698,10417,S10_4698
10105_S10_4757,10105,S10_4757
10119_S10_4757,10119,S10_4757
10129_S10_4757,10129,S10_4757
10143_S10_4757,10143,S10_4757
10155_S10_4757,10155,S10_4757
10167_S10_4757,10167,S10_4757
10178_S10_4757,10178,S10_4757
10186_S10_4757,10186,S10_4757
10197_S10_4757,10197,S10_4757
10209_S10_4757,10209,S10_4757
10222_S10_4757,10222,S10_4757
10248_S10_4757,10248,S10_4757
10261_S10_4757,10261,S10_4757
10273_S10_4757,10273,S10_4757
10283_S10_4757,10283,S10_4757
10295_S10_4757,10295,S10_4757
10307_S10_4757,10307,S10_4757
10316_S10_4757,10316,S10_4757
10325_S10_4757,10325,S10_4757
10337_S10_4757,10337,S10_4757
10350_S10_4757,10350,S10_4757
10359_S10_4757,10359,S10_4757
10373_S10_4757,10373,S10_4757
10384_S10_4757,10384,S10_4757
10395_S10_4757,10395,S10_4757
10400_S10_4757,10400,S10_4757
10414_S10_4757,10414,S10_4757
10103_S10_4962,10103,S10_4962
10114_S10_4962,10114,S10_4962
10126_S10_4962,10126,S10_4962
10140_S10_4962,10140,S10_4962
10150_S10_4962,10150,S10_4962
10164_S10_4962,10164,S10_4962
10175_S10_4962,10175,S10_4962
10183_S10_4962,10183,S10_4962
10194_S10_4962,10194,S10_4962
10207_S10_4962,10207,S10_4962
10217_S10_4962,10217,S10_4962
10229_S10_4962,10229,S10_4962
10245_S10_4962,10245,S10_4962
10259_S10_4962,10259,S10_4962
10270_S10_4962,10270,S10_4962
10281_S10_4962,10281,S10_4962
10291_S10_4962,10291,S10_4962
10305_S10_4962,10305,S10_4962
10313_S10_4962,10313,S10_4962
10322_S10_4962,10322,S10_4962
10334_S10_4962,10334,S10_4962
10347_S10_4962,10347,S10_4962
10357_S10_4962,10357,S10_4962
10370_S10_4962,10370,S10_4962
10381_S10_4962,10381,S10_4962
10391_S10_4962,10391,S10_4962
10411_S10_4962,10411,S10_4962
10425_S10_4962,10425,S10_4962
10108_S12_1099,10108,S12_1099
10122_S12_1099,10122,S12_1099
10135_S12_1099,10135,S12_1099
10147_S12_1099,10147,S12_1099
10159_S12_1099,10159,S12_1099
10169_S12_1099,10169,S12_1099
10181_S12_1099,10181,S12_1099
10191_S12_1099,10191,S12_1099
10203_S12_1099,10203,S12_1099
10211_S12_1099,10211,S12_1099
10225_S12_1099,10225,S12_1099
10238_S12_1099,10238,S12_1099
10253_S12_1099,10253,S12_1099
10266_S12_1099,10266,S12_1099
10276_S12_1099,10276,S12_1099
10287_S12_1099,10287,S12_1099
10300_S12_1099,10300,S12_1099
10310_S12_1099,10310,S12_1099
10320_S12_1099,10320,S12_1099
10329_S12_1099,10329,S12_1099
10341_S12_1099,10341,S12_1099
10363_S12_1099,10363,S12_1099
10375_S12_1099,10375,S12_1099
10389_S12_1099,10389,S12_1099
10419_S12_1099,10419,S12_1099
10105_S12_1108,10105,S12_1108
10117_S12_1108,10117,S12_1108
10127_S12_1108,10127,S12_1108
10142_S12_1108,10142,S12_1108
10153_S12_1108,10153,S12_1108
10165_S12_1108,10165,S12_1108
10176_S12_1108,10176,S12_1108
10185_S12_1108,10185,S12_1108
10196_S12_1108,10196,S12_1108
10208_S12_1108,10208,S12_1108
10220_S12_1108,10220,S12_1108
10231_S12_1108,10231,S12_1108
10247_S12_1108,10247,S12_1108
10272_S12_1108,10272,S12_1108
10282_S12_1108,10282,S12_1108
10293_S12_1108,10293,S12_1108
10306_S12_1108,10306,S12_1108
10314_S12_1108,10314,S12_1108
10325_S12_1108,10325,S12_1108
10336_S12_1108,10336,S12_1108
10348_S12_1108,10348,S12_1108
10359_S12_1108,10359,S12_1108
10371_S12_1108,10371,S12_1108
10382_S12_1108,10382,S12_1108
10395_S12_1108,10395,S12_1108
10413_S12_1108,10413,S12_1108
10103_S12_1666,10103,S12_1666
10113_S12_1666,10113,S12_1666
10126_S12_1666,10126,S12_1666
10140_S12_1666,10140,S12_1666
10150_S12_1666,10150,S12_1666
10164_S12_1666,10164,S12_1666
10174_S12_1666,10174,S12_1666
10183_S12_1666,10183,S12_1666
10194_S12_1666,10194,S12_1666
10206_S12_1666,10206,S12_1666
10216_S12_1666,10216,S12_1666
10229_S12_1666,10229,S12_1666
10245_S12_1666,10245,S12_1666
10258_S12_1666,10258,S12_1666
10270_S12_1666,10270,S12_1666
10281_S12_1666,10281,S12_1666
10291_S12_1666,10291,S12_1666
10304_S12_1666,10304,S12_1666
10313_S12_1666,10313,S12_1666
10322_S12_1666,10322,S12_1666
10333_S12_1666,10333,S12_1666
10347_S12_1666,10347,S12_1666
10357_S12_1666,10357,S12_1666
10370_S12_1666,10370,S12_1666
10381_S12_1666,10381,S12_1666
10391_S12_1666,10391,S12_1666
10411_S12_1666,10411,S12_1666
10424_S12_1666,10424,S12_1666
10107_S12_2823,10107,S12_2823
10121_S12_2823,10121,S12_2823
10134_S12_2823,10134,S12_2823
10145_S12_2823,10145,S12_2823
10159_S12_2823,10159,S12_2823
10169_S12_2823,10169,S12_2823
10180_S12_2823,10180,S12_2823
10189_S12_2823,10189,S12_2823
10201_S12_2823,10201,S12_2823
10211_S12_2823,10211,S12_2823
10224_S12_2823,10224,S12_2823
10237_S12_2823,10237,S12_2823
10251_S12_2823,10251,S12_2823
10263_S12_2823,10263,S12_2823
10276_S12_2823,10276,S12_2823
10285_S12_2823,10285,S12_2823
10299_S12_2823,10299,S12_2823
10309_S12_2823,10309,S12_2823
10319_S12_2823,10319,S12_2823
10329_S12_2823,10329,S12_2823
10341_S12_2823,10341,S12_2823
10362_S12_2823,10362,S12_2823
10375_S12_2823,10375,S12_2823
10388_S12_2823,10388,S12_2823
10403_S12_2823,10403,S12_2823
10417_S12_2823,10417,S12_2823
10104_S12_3148,10104,S12_3148
10117_S12_3148,10117,S12_3148
10127_S12_3148,10127,S12_3148
10142_S12_3148,10142,S12_3148
10153_S12_3148,10153,S12_3148
10165_S12_3148,10165,S12_3148
10176_S12_3148,10176,S12_3148
10185_S12_3148,10185,S12_3148
10196_S12_3148,10196,S12_3148
10208_S12_3148,10208,S12_3148
10220_S12_3148,10220,S12_3148
10230_S12_3148,10230,S12_3148
10247_S12_3148,10247,S12_3148
10272_S12_3148,10272,S12_3148
10282_S12_3148,10282,S12_3148
10293_S12_3148,10293,S12_3148
10306_S12_3148,10306,S12_3148
10314_S12_3148,10314,S12_3148
10324_S12_3148,10324,S12_3148
10336_S12_3148,10336,S12_3148
10348_S12_3148,10348,S12_3148
10358_S12_3148,10358,S12_3148
10372_S12_3148,10372,S12_3148
10382_S12_3148,10382,S12_3148
10413_S12_3148,10413,S12_3148
10108_S12_3380,10108,S12_3380
10122_S12_3380,10122,S12_3380
10135_S12_3380,10135,S12_3380
10147_S12_3380,10147,S12_3380
10160_S12_3380,10160,S12_3380
10170_S12_3380,10170,S12_3380
10181_S12_3380,10181,S12_3380
10191_S12_3380,10191,S12_3380
10203_S12_3380,10203,S12_3380
10212_S12_3380,10212,S12_3380
10225_S12_3380,10225,S12_3380
10238_S12_3380,10238,S12_3380
10253_S12_3380,10253,S12_3380
10266_S12_3380,10266,S12_3380
10276_S12_3380,10276,S12_3380
10287_S12_3380,10287,S12_3380
10300_S12_3380,10300,S12_3380
10310_S12_3380,10310,S12_3380
10320_S12_3380,10320,S12_3380
10329_S12_3380,10329,S12_3380
10341_S12_3380,10341,S12_3380
10363_S12_3380,10363,S12_3380
10376_S12_3380,10376,S12_3380
10389_S12_3380,10389,S12_3380
10419_S12_3380,10419,S12_3380
10105_S12_3891,10105,S12_3891
10117_S12_3891,10117,S12_3891
10127_S12_3891,10127,S12_3891
10142_S12_3891,10142,S12_3891
10153_S12_3891,10153,S12_3891
10165_S12_3891,10165,S12_3891
10176_S12_3891,10176,S12_3891
10185_S12_3891,10185,S12_3891
10196_S12_3891,10196,S12_3891
10208_S12_3891,10208,S12_3891
10220_S12_3891,10220,S12_3891
10231_S12_3891,10231,S12_3891
10247_S12_3891,10247,S12_3891
10272_S12_3891,10272,S12_3891
10282_S12_3891,10282,S12_3891
10293_S12_3891,10293,S12_3891
10306_S12_3891,10306,S12_3891
10314_S12_3891,10314,S12_3891
10325_S12_3891,10325,S12_3891
10336_S12_3891,10336,S12_3891
10349_S12_3891,10349,S12_3891
10359_S12_3891,10359,S12_3891
10372_S12_3891,10372,S12_3891
10382_S12_3891,10382,S12_3891
10396_S12_3891,10396,S12_3891
10413_S12_3891,10413,S12_3891
10108_S12_3990,10108,S12_3990
10122_S12_3990,10122,S12_3990
10135_S12_3990,10135,S12_3990
10147_S12_3990,10147,S12_3990
10159_S12_3990,10159,S12_3990
10169_S12_3990,10169,S12_3990
10181_S12_3990,10181,S12_3990
10191_S12_3990,10191,S12_3990
10203_S12_3990,10203,S12_3990
10211_S12_3990,10211,S12_3990
10225_S12_3990,10225,S12_3990
10238_S12_3990,10238,S12_3990
10253_S12_3990,10253,S12_3990
10266_S12_3990,10266,S12_3990
10276_S12_3990,10276,S12_3990
10287_S12_3990,10287,S12_3990
10300_S12_3990,10300,S12_3990
10310_S12_3990,10310,S12_3990
10320_S12_3990,10320,S12_3990
10329_S12_3990,10329,S12_3990
10341_S12_3990,10341,S12_3990
10363_S12_3990,10363,S12_3990
10377_S12_3990,10377,S12_3990
10389_S12_3990,10389,S12_3990
10419_S12_3990,10419,S12_3990
10104_S12_4473,10104,S12_4473
10115_S12_4473,10115,S12_4473
10127_S12_4473,10127,S12_4473
10141_S12_4473,10141,S12_4473
10151_S12_4473,10151,S12_4473
10165_S12_4473,10165,S12_4473
10175_S12_4473,10175,S12_4473
10184_S12_4473,10184,S12_4473
10195_S12_4473,10195,S12_4473
10207_S12_4473,10207,S12_4473
10219_S12_4473,10219,S12_4473
10229_S12_4473,10229,S12_4473
10246_S12_4473,10246,S12_4473
10259_S12_4473,10259,S12_4473
10271_S12_4473,10271,S12_4473
10281_S12_4473,10281,S12_4473
10292_S12_4473,10292,S12_4473
10305_S12_4473,10305,S12_4473
10314_S12_4473,10314,S12_4473
10324_S12_4473,10324,S12_4473
10336_S12_4473,10336,S12_4473
10349_S12_4473,10349,S12_4473
10358_S12_4473,10358,S12_4473
10371_S12_4473,10371,S12_4473
10382_S12_4473,10382,S12_4473
10412_S12_4473,10412,S12_4473
10425_S12_4473,10425,S12_4473
10108_S12_4675,10108,S12_4675
10122_S12_4675,10122,S12_4675
10135_S12_4675,10135,S12_4675
10147_S12_4675,10147,S12_4675
10160_S12_4675,10160,S12_4675
10170_S12_4675,10170,S12_4675
10181_S12_4675,10181,S12_4675
10192_S12_4675,10192,S12_4675
10203_S12_4675,10203,S12_4675
10212_S12_4675,10212,S12_4675
10225_S12_4675,10225,S12_4675
10239_S12_4675,10239,S12_4675
10253_S12_4675,10253,S12_4675
10266_S12_4675,10266,S12_4675
10277_S12_4675,10277,S12_4675
10287_S12_4675,10287,S12_4675
10300_S12_4675,10300,S12_4675
10310_S12_4675,10310,S12_4675
10321_S12_4675,10321,S12_4675
10329_S12_4675,10329,S12_4675
10341_S12_4675,10341,S12_4675
10363_S12_4675,10363,S12_4675
10377_S12_4675,10377,S12_4675
10389_S12_4675,10389,S12_4675
10405_S12_4675,10405,S12_4675
10419_S12_4675,10419,S12_4675
10103_S18_1097,10103,S18_1097
10113_S18_1097,10113,S18_1097
10126_S18_1097,10126,S18_1097
10140_S18_1097,10140,S18_1097
10150_S18_1097,10150,S18_1097
10164_S18_1097,10164,S18_1097
10174_S18_1097,10174,S18_1097
10183_S18_1097,10183,S18_1097
10194_S18_1097,10194,S18_1097
10206_S18_1097,10206,S18_1097
10215_S18_1097,10215,S18_1097
10228_S18_1097,10228,S18_1097
10245_S18_1097,10245,S18_1097
10258_S18_1097,10258,S18_1097
10270_S18_1097,10270,S18_1097
10280_S18_1097,10280,S18_1097
10291_S18_1097,10291,S18_1097
10304_S18_1097,10304,S18_1097
10312_S18_1097,10312,S18_1097
10322_S18_1097,10322,S18_1097
10333_S18_1097,10333,S18_1097
10347_S18_1097,10347,S18_1097
10357_S18_1097,10357,S18_1097
10370_S18_1097,10370,S18_1097
10381_S18_1097,10381,S18_1097
10391_S18_1097,10391,S18_1097
10411_S18_1097,10411,S18_1097
10424_S18_1097,10424,S18_1097
10109_S18_1129,10109,S18_1129
10122_S18_1129,10122,S18_1129
10136_S18_1129,10136,S18_1129
10148_S18_1129,10148,S18_1129
10161_S18_1129,10161,S18_1129
10171_S18_1129,10171,S18_1129
10181_S18_1129,10181,S18_1129
10192_S18_1129,10192,S18_1129
10204_S18_1129,10204,S18_1129
10212_S18_1129,10212,S18_1129
10225_S18_1129,10225,S18_1129
10240_S18_1129,10240,S18_1129
10253_S18_1129,10253,S18_1129
10266_S18_1129,10266,S18_1129
10278_S18_1129,10278,S18_1129
10287_S18_1129,10287,S18_1129
10301_S18_1129,10301,S18_1129
10310_S18_1129,10310,S18_1129
10321_S18_1129,10321,S18_1129
10331_S18_1129,10331,S18_1129
10342_S18_1129,10342,S18_1129
10356_S18_1129,10356,S18_1129
10365_S18_1129,10365,S18_1129
10377_S18_1129,10377,S18_1129
10390_S18_1129,10390,S18_1129
10406_S18_1129,10406,S18_1129
10419_S18_1129,10419,S18_1129
10102_S18_1342,10102,S18_1342
10111_S18_1342,10111,S18_1342
10125_S18_1342,10125,S18_1342
10139_S18_1342,10139,S18_1342
10149_S18_1342,10149,S18_1342
10162_S18_1342,10162,S18_1342
10173_S18_1342,10173,S18_1342
10182_S18_1342,10182,S18_1342
10193_S18_1342,10193,S18_1342
10205_S18_1342,10205,S18_1342
10215_S18_1342,10215,S18_1342
10227_S18_1342,10227,S18_1342
10244_S18_1342,10244,S18_1342
10256_S18_1342,10256,S18_1342
10280_S18_1342,10280,S18_1342
10289_S18_1342,10289,S18_1342
10304_S18_1342,10304,S18_1342
10312_S18_1342,10312,S18_1342
10322_S18_1342,10322,S18_1342
10332_S18_1342,10332,S18_1342
10346_S18_1342,10346,S18_1342
10356_S18_1342,10356,S18_1342
10369_S18_1342,10369,S18_1342
10380_S18_1342,10380,S18_1342
10391_S18_1342,10391,S18_1342
10422_S18_1342,10422,S18_1342
10102_S18_1367,10102,S18_1367
10111_S18_1367,10111,S18_1367
10126_S18_1367,10126,S18_1367
10139_S18_1367,10139,S18_1367
10149_S18_1367,10149,S18_1367
10162_S18_1367,10162,S18_1367
10173_S18_1367,10173,S18_1367
10182_S18_1367,10182,S18_1367
10193_S18_1367,10193,S18_1367
10205_S18_1367,10205,S18_1367
10215_S18_1367,10215,S18_1367
10227_S18_1367,10227,S18_1367
10244_S18_1367,10244,S18_1367
10256_S18_1367,10256,S18_1367
10280_S18_1367,10280,S18_1367
10289_S18_1367,10289,S18_1367
10304_S18_1367,10304,S18_1367
10312_S18_1367,10312,S18_1367
10322_S18_1367,10322,S18_1367
10332_S18_1367,10332,S18_1367
10347_S18_1367,10347,S18_1367
10356_S18_1367,10356,S18_1367
10369_S18_1367,10369,S18_1367
10381_S18_1367,10381,S18_1367
10391_S18_1367,10391,S18_1367
10422_S18_1367,10422,S18_1367
10110_S18_1589,10110,S18_1589
10123_S18_1589,10123,S18_1589
10137_S18_1589,10137,S18_1589
10148_S18_1589,10148,S18_1589
10161_S18_1589,10161,S18_1589
10172_S18_1589,10172,S18_1589
10181_S18_1589,10181,S18_1589
10192_S18_1589,10192,S18_1589
10204_S18_1589,10204,S18_1589
10212_S18_1589,10212,S18_1589
10226_S18_1589,10226,S18_1589
10241_S18_1589,10241,S18_1589
10253_S18_1589,10253,S18_1589
10266_S18_1589,10266,S18_1589
10278_S18_1589,10278,S18_1589
10288_S18_1589,10288,S18_1589
10301_S18_1589,10301,S18_1589
10311_S18_1589,10311,S18_1589
10321_S18_1589,10321,S18_1589
10331_S18_1589,10331,S18_1589
10343_S18_1589,10343,S18_1589
10367_S18_1589,10367,S18_1589
10378_S18_1589,10378,S18_1589
10407_S18_1589,10407,S18_1589
10419_S18_1589,10419,S18_1589
10106_S18_1662,10106,S18_1662
10119_S18_1662,10119,S18_1662
10131_S18_1662,10131,S18_1662
10143_S18_1662,10143,S18_1662
10155_S18_1662,10155,S18_1662
10167_S18_1662,10167,S18_1662
10178_S18_1662,10178,S18_1662
10186_S18_1662,10186,S18_1662
10198_S18_1662,10198,S18_1662
10210_S18_1662,10210,S18_1662
10222_S18_1662,10222,S18_1662
10250_S18_1662,10250,S18_1662
10262_S18_1662,10262,S18_1662
10274_S18_1662,10274,S18_1662
10284_S18_1662,10284,S18_1662
10296_S18_1662,10296,S18_1662
10307_S18_1662,10307,S18_1662
10316_S18_1662,10316,S18_1662
10327_S18_1662,10327,S18_1662
10338_S18_1662,10338,S18_1662
10351_S18_1662,10351,S18_1662
10373_S18_1662,10373,S18_1662
10386_S18_1662,10386,S18_1662
10398_S18_1662,10398,S18_1662
10400_S18_1662,10400,S18_1662
10416_S18_1662,10416,S18_1662
10100_S18_1749,10100,S18_1749
10110_S18_1749,10110,S18_1749
10124_S18_1749,10124,S18_1749
10149_S18_1749,10149,S18_1749
10162_S18_1749,10162,S18_1749
10173_S18_1749,10173,S18_1749
10182_S18_1749,10182,S18_1749
10193_S18_1749,10193,S18_1749
10204_S18_1749,10204,S18_1749
10214_S18_1749,10214,S18_1749
10227_S18_1749,10227,S18_1749
10241_S18_1749,10241,S18_1749
10280_S18_1749,10280,S18_1749
10288_S18_1749,10288,S18_1749
10302_S18_1749,10302,S18_1749
10312_S18_1749,10312,S18_1749
10331_S18_1749,10331,S18_1749
10344_S18_1749,10344,S18_1749
10367_S18_1749,10367,S18_1749
10379_S18_1749,10379,S18_1749
10407_S18_1749,10407,S18_1749
10420_S18_1749,10420,S18_1749
10108_S18_1889,10108,S18_1889
10122_S18_1889,10122,S18_1889
10135_S18_1889,10135,S18_1889
10147_S18_1889,10147,S18_1889
10160_S18_1889,10160,S18_1889
10170_S18_1889,10170,S18_1889
10181_S18_1889,10181,S18_1889
10192_S18_1889,10192,S18_1889
10203_S18_1889,10203,S18_1889
10212_S18_1889,10212,S18_1889
10225_S18_1889,10225,S18_1889
10239_S18_1889,10239,S18_1889
10253_S18_1889,10253,S18_1889
10266_S18_1889,10266,S18_1889
10278_S18_1889,10278,S18_1889
10287_S18_1889,10287,S18_1889
10300_S18_1889,10300,S18_1889
10310_S18_1889,10310,S18_1889
10321_S18_1889,10321,S18_1889
10329_S18_1889,10329,S18_1889
10342_S18_1889,10342,S18_1889
10363_S18_1889,10363,S18_1889
10377_S18_1889,10377,S18_1889
10389_S18_1889,10389,S18_1889
10405_S18_1889,10405,S18_1889
10419_S18_1889,10419,S18_1889
10109_S18_1984,10109,S18_1984
10122_S18_1984,10122,S18_1984
10136_S18_1984,10136,S18_1984
10148_S18_1984,10148,S18_1984
10161_S18_1984,10161,S18_1984
10171_S18_1984,10171,S18_1984
10181_S18_1984,10181,S18_1984
10192_S18_1984,10192,S18_1984
10204_S18_1984,10204,S18_1984
10212_S18_1984,10212,S18_1984
10226_S18_1984,10226,S18_1984
10240_S18_1984,10240,S18_1984
10253_S18_1984,10253,S18_1984
10266_S18_1984,10266,S18_1984
10278_S18_1984,10278,S18_1984
10287_S18_1984,10287,S18_1984
10301_S18_1984,10301,S18_1984
10310_S18_1984,10310,S18_1984
10321_S18_1984,10321,S18_1984
10331_S18_1984,10331,S18_1984
10342_S18_1984,10342,S18_1984
10356_S18_1984,10356,S18_1984
10366_S18_1984,10366,S18_1984
10377_S18_1984,10377,S18_1984
10390_S18_1984,10390,S18_1984
10406_S18_1984,10406,S18_1984
10419_S18_1984,10419,S18_1984
10104_S18_2238,10104,S18_2238
10115_S18_2238,10115,S18_2238
10127_S18_2238,10127,S18_2238
10141_S18_2238,10141,S18_2238
10151_S18_2238,10151,S18_2238
10165_S18_2238,10165,S18_2238
10176_S18_2238,10176,S18_2238
10184_S18_2238,10184,S18_2238
10195_S18_2238,10195,S18_2238
10207_S18_2238,10207,S18_2238
10219_S18_2238,10219,S18_2238
10230_S18_2238,10230,S18_2238
10246_S18_2238,10246,S18_2238
10259_S18_2238,10259,S18_2238
10271_S18_2238,10271,S18_2238
10282_S18_2238,10282,S18_2238
10292_S18_2238,10292,S18_2238
10305_S18_2238,10305,S18_2238
10314_S18_2238,10314,S18_2238
10324_S18_2238,10324,S18_2238
10336_S18_2238,10336,S18_2238
10349_S18_2238,10349,S18_2238
10358_S18_2238,10358,S18_2238
10371_S18_2238,10371,S18_2238
10382_S18_2238,10382,S18_2238
10412_S18_2238,10412,S18_2238
10425_S18_2238,10425,S18_2238
10100_S18_2248,10100,S18_2248
10110_S18_2248,10110,S18_2248
10124_S18_2248,10124,S18_2248
10149_S18_2248,10149,S18_2248
10162_S18_2248,10162,S18_2248
10173_S18_2248,10173,S18_2248
10182_S18_2248,10182,S18_2248
10193_S18_2248,10193,S18_2248
10204_S18_2248,10204,S18_2248
10214_S18_2248,10214,S18_2248
10227_S18_2248,10227,S18_2248
10241_S18_2248,10241,S18_2248
10280_S18_2248,10280,S18_2248
10288_S18_2248,10288,S18_2248
10303_S18_2248,10303,S18_2248
10312_S18_2248,10312,S18_2248
10332_S18_2248,10332,S18_2248
10344_S18_2248,10344,S18_2248
10367_S18_2248,10367,S18_2248
10379_S18_2248,10379,S18_2248
10407_S18_2248,10407,S18_2248
10420_S18_2248,10420,S18_2248
10104_S18_2319,10104,S18_2319
10114_S18_2319,10114,S18_2319
10127_S18_2319,10127,S18_2319
10141_S18_2319,10141,S18_2319
10151_S18_2319,10151,S18_2319
10165_S18_2319,10165,S18_2319
10175_S18_2319,10175,S18_2319
10184_S18_2319,10184,S18_2319
10195_S18_2319,10195,S18_2319
10207_S18_2319,10207,S18_2319
10229_S18_2319,10229,S18_2319
10246_S18_2319,10246,S18_2319
10259_S18_2319,10259,S18_2319
10271_S18_2319,10271,S18_2319
10281_S18_2319,10281,S18_2319
10292_S18_2319,10292,S18_2319
10305_S18_2319,10305,S18_2319
10313_S18_2319,10313,S18_2319
10324_S18_2319,10324,S18_2319
10334_S18_2319,10334,S18_2319
10349_S18_2319,10349,S18_2319
10358_S18_2319,10358,S18_2319
10370_S18_2319,10370,S18_2319
10383_S18_2319,10383,S18_2319
10412_S18_2319,10412,S18_2319
10425_S18_2319,10425,S18_2319
10101_S18_2325,10101,S18_2325
10110_S18_2325,10110,S18_2325
10124_S18_2325,10124,S18_2325
10149_S18_2325,10149,S18_2325
10162_S18_2325,10162,S18_2325
10173_S18_2325,10173,S18_2325
10182_S18_2325,10182,S18_2325
10193_S18_2325,10193,S18_2325
10204_S18_2325,10204,S18_2325
10214_S18_2325,10214,S18_2325
10227_S18_2325,10227,S18_2325
10243_S18_2325,10243,S18_2325
10280_S18_2325,10280,S18_2325
10288_S18_2325,10288,S18_2325
10304_S18_2325,10304,S18_2325
10312_S18_2325,10312,S18_2325
10322_S18_2325,10322,S18_2325
10332_S18_2325,10332,S18_2325
10344_S18_2325,10344,S18_2325
10356_S18_2325,10356,S18_2325
10367_S18_2325,10367,S18_2325
10380_S18_2325,10380,S18_2325
10390_S18_2325,10390,S18_2325
10409_S18_2325,10409,S18_2325
10420_S18_2325,10420,S18_2325
10103_S18_2432,10103,S18_2432
10114_S18_2432,10114,S18_2432
10126_S18_2432,10126,S18_2432
10140_S18_2432,10140,S18_2432
10151_S18_2432,10151,S18_2432
10165_S18_2432,10165,S18_2432
10175_S18_2432,10175,S18_2432
10184_S18_2432,10184,S18_2432
10194_S18_2432,10194,S18_2432
10207_S18_2432,10207,S18_2432
10217_S18_2432,10217,S18_2432
10229_S18_2432,10229,S18_2432
10246_S18_2432,10246,S18_2432
10259_S18_2432,10259,S18_2432
10271_S18_2432,10271,S18_2432
10281_S18_2432,10281,S18_2432
10291_S18_2432,10291,S18_2432
10305_S18_2432,10305,S18_2432
10313_S18_2432,10313,S18_2432
10322_S18_2432,10322,S18_2432
10334_S18_2432,10334,S18_2432
10347_S18_2432,10347,S18_2432
10357_S18_2432,10357,S18_2432
10370_S18_2432,10370,S18_2432
10381_S18_2432,10381,S18_2432
10391_S18_2432,10391,S18_2432
10412_S18_2432,10412,S18_2432
10425_S18_2432,10425,S18_2432
10106_S18_2581,10106,S18_2581
10120_S18_2581,10120,S18_2581
10133_S18_2581,10133,S18_2581
10145_S18_2581,10145,S18_2581
10168_S18_2581,10168,S18_2581
10210_S18_2581,10210,S18_2581
10223_S18_2581,10223,S18_2581
10235_S18_2581,10235,S18_2581
10250_S18_2581,10250,S18_2581
10263_S18_2581,10263,S18_2581
10275_S18_2581,10275,S18_2581
10284_S18_2581,10284,S18_2581
10297_S18_2581,10297,S18_2581
10308_S18_2581,10308,S18_2581
10318_S18_2581,10318,S18_2581
10327_S18_2581,10327,S18_2581
10339_S18_2581,10339,S18_2581
10353_S18_2581,10353,S18_2581
10374_S18_2581,10374,S18_2581
10386_S18_2581,10386,S18_2581
10398_S18_2581,10398,S18_2581
10401_S18_2581,10401,S18_2581
10416_S18_2581,10416,S18_2581
10107_S18_2625,10107,S18_2625
10120_S18_2625,10120,S18_2625
10134_S18_2625,10134,S18_2625
10145_S18_2625,10145,S18_2625
10159_S18_2625,10159,S18_2625
10168_S18_2625,10168,S18_2625
10180_S18_2625,10180,S18_2625
10188_S18_2625,10188,S18_2625
10201_S18_2625,10201,S18_2625
10210_S18_2625,10210,S18_2625
10223_S18_2625,10223,S18_2625
10236_S18_2625,10236,S18_2625
10251_S18_2625,10251,S18_2625
10263_S18_2625,10263,S18_2625
10275_S18_2625,10275,S18_2625
10285_S18_2625,10285,S18_2625
10298_S18_2625,10298,S18_2625
10308_S18_2625,10308,S18_2625
10318_S18_2625,10318,S18_2625
10329_S18_2625,10329,S18_2625
10339_S18_2625,10339,S18_2625
10362_S18_2625,10362,S18_2625
10374_S18_2625,10374,S18_2625
10389_S18_2625,10389,S18_2625
10402_S18_2625,10402,S18_2625
10417_S18_2625,10417,S18_2625
10101_S18_2795,10101,S18_2795
10110_S18_2795,10110,S18_2795
10125_S18_2795,10125,S18_2795
10139_S18_2795,10139,S18_2795
10149_S18_2795,10149,S18_2795
10162_S18_2795,10162,S18_2795
10173_S18_2795,10173,S18_2795
10182_S18_2795,10182,S18_2795
10193_S18_2795,10193,S18_2795
10205_S18_2795,10205,S18_2795
10214_S18_2795,10214,S18_2795
10227_S18_2795,10227,S18_2795
10244_S18_2795,10244,S18_2795
10255_S18_2795,10255,S18_2795
10280_S18_2795,10280,S18_2795
10289_S18_2795,10289,S18_2795
10304_S18_2795,10304,S18_2795
10312_S18_2795,10312,S18_2795
10322_S18_2795,10322,S18_2795
10332_S18_2795,10332,S18_2795
10347_S18_2795,10347,S18_2795
10356_S18_2795,10356,S18_2795
10367_S18_2795,10367,S18_2795
10380_S18_2795,10380,S18_2795
10390_S18_2795,10390,S18_2795
10421_S18_2795,10421,S18_2795
10109_S18_2870,10109,S18_2870
10123_S18_2870,10123,S18_2870
10137_S18_2870,10137,S18_2870
10148_S18_2870,10148,S18_2870
10161_S18_2870,10161,S18_2870
10172_S18_2870,10172,S18_2870
10181_S18_2870,10181,S18_2870
10192_S18_2870,10192,S18_2870
10204_S18_2870,10204,S18_2870
10212_S18_2870,10212,S18_2870
10226_S18_2870,10226,S18_2870
10241_S18_2870,10241,S18_2870
10253_S18_2870,10253,S18_2870
10266_S18_2870,10266,S18_2870
10278_S18_2870,10278,S18_2870
10287_S18_2870,10287,S18_2870
10301_S18_2870,10301,S18_2870
10311_S18_2870,10311,S18_2870
10321_S18_2870,10321,S18_2870
10331_S18_2870,10331,S18_2870
10343_S18_2870,10343,S18_2870
10366_S18_2870,10366,S18_2870
10379_S18_2870,10379,S18_2870
10407_S18_2870,10407,S18_2870
10419_S18_2870,10419,S18_2870
10103_S18_2949,10103,S18_2949
10112_S18_2949,10112,S18_2949
10126_S18_2949,10126,S18_2949
10139_S18_2949,10139,S18_2949
10150_S18_2949,10150,S18_2949
10163_S18_2949,10163,S18_2949
10174_S18_2949,10174,S18_2949
10183_S18_2949,10183,S18_2949
10193_S18_2949,10193,S18_2949
10206_S18_2949,10206,S18_2949
10215_S18_2949,10215,S18_2949
10228_S18_2949,10228,S18_2949
10244_S18_2949,10244,S18_2949
10257_S18_2949,10257,S18_2949
10270_S18_2949,10270,S18_2949
10280_S18_2949,10280,S18_2949
10291_S18_2949,10291,S18_2949
10304_S18_2949,10304,S18_2949
10312_S18_2949,10312,S18_2949
10322_S18_2949,10322,S18_2949
10333_S18_2949,10333,S18_2949
10347_S18_2949,10347,S18_2949
10357_S18_2949,10357,S18_2949
10369_S18_2949,10369,S18_2949
10381_S18_2949,10381,S18_2949
10391_S18_2949,10391,S18_2949
10423_S18_2949,10423,S18_2949
10103_S18_2957,10103,S18_2957
10111_S18_2957,10111,S18_2957
10126_S18_2957,10126,S18_2957
10139_S18_2957,10139,S18_2957
10150_S18_2957,10150,S18_2957
10163_S18_2957,10163,S18_2957
10173_S18_2957,10173,S18_2957
10183_S18_2957,10183,S18_2957
10193_S18_2957,10193,S18_2957
10206_S18_2957,10206,S18_2957
10215_S18_2957,10215,S18_2957
10228_S18_2957,10228,S18_2957
10244_S18_2957,10244,S18_2957
10257_S18_2957,10257,S18_2957
10269_S18_2957,10269,S18_2957
10280_S18_2957,10280,S18_2957
10291_S18_2957,10291,S18_2957
10304_S18_2957,10304,S18_2957
10312_S18_2957,10312,S18_2957
10322_S18_2957,10322,S18_2957
10332_S18_2957,10332,S18_2957
10347_S18_2957,10347,S18_2957
10357_S18_2957,10357,S18_2957
10369_S18_2957,10369,S18_2957
10381_S18_2957,10381,S18_2957
10392_S18_2957,10392,S18_2957
10423_S18_2957,10423,S18_2957
10106_S18_3029,10106,S18_3029
10119_S18_3029,10119,S18_3029
10130_S18_3029,10130,S18_3029
10143_S18_3029,10143,S18_3029
10155_S18_3029,10155,S18_3029
10167_S18_3029,10167,S18_3029
10178_S18_3029,10178,S18_3029
10186_S18_3029,10186,S18_3029
10197_S18_3029,10197,S18_3029
10209_S18_3029,10209,S18_3029
10222_S18_3029,10222,S18_3029
10248_S18_3029,10248,S18_3029
10262_S18_3029,10262,S18_3029
10273_S18_3029,10273,S18_3029
10283_S18_3029,10283,S18_3029
10296_S18_3029,10296,S18_3029
10307_S18_3029,10307,S18_3029
10316_S18_3029,10316,S18_3029
10327_S18_3029,10327,S18_3029
10338_S18_3029,10338,S18_3029
10350_S18_3029,10350,S18_3029
10373_S18_3029,10373,S18_3029
10386_S18_3029,10386,S18_3029
10398_S18_3029,10398,S18_3029
10400_S18_3029,10400,S18_3029
10414_S18_3029,10414,S18_3029
10103_S18_3136,10103,S18_3136
10111_S18_3136,10111,S18_3136
10126_S18_3136,10126,S18_3136
10139_S18_3136,10139,S18_3136
10150_S18_3136,10150,S18_3136
10163_S18_3136,10163,S18_3136
10173_S18_3136,10173,S18_3136
10183_S18_3136,10183,S18_3136
10193_S18_3136,10193,S18_3136
10206_S18_3136,10206,S18_3136
10215_S18_3136,10215,S18_3136
10228_S18_3136,10228,S18_3136
10244_S18_3136,10244,S18_3136
10257_S18_3136,10257,S18_3136
10270_S18_3136,10270,S18_3136
10280_S18_3136,10280,S18_3136
10291_S18_3136,10291,S18_3136
10304_S18_3136,10304,S18_3136
10312_S18_3136,10312,S18_3136
10322_S18_3136,10322,S18_3136
10332_S18_3136,10332,S18_3136
10347_S18_3136,10347,S18_3136
10357_S18_3136,10357,S18_3136
10369_S18_3136,10369,S18_3136
10381_S18_3136,10381,S18_3136
10392_S18_3136,10392,S18_3136
10423_S18_3136,10423,S18_3136
10105_S18_3140,10105,S18_3140
10117_S18_3140,10117,S18_3140
10128_S18_3140,10128,S18_3140
10142_S18_3140,10142,S18_3140
10153_S18_3140,10153,S18_3140
10166_S18_3140,10166,S18_3140
10177_S18_3140,10177,S18_3140
10185_S18_3140,10185,S18_3140
10196_S18_3140,10196,S18_3140
10208_S18_3140,10208,S18_3140
10221_S18_3140,10221,S18_3140
10232_S18_3140,10232,S18_3140
10248_S18_3140,10248,S18_3140
10273_S18_3140,10273,S18_3140
10282_S18_3140,10282,S18_3140
10293_S18_3140,10293,S18_3140
10306_S18_3140,10306,S18_3140
10314_S18_3140,10314,S18_3140
10325_S18_3140,10325,S18_3140
10336_S18_3140,10336,S18_3140
10350_S18_3140,10350,S18_3140
10372_S18_3140,10372,S18_3140
10383_S18_3140,10383,S18_3140
10396_S18_3140,10396,S18_3140
10414_S18_3140,10414,S18_3140
10104_S18_3232,10104,S18_3232
10109_S18_3232,10109,S18_3232
10114_S18_3232,10114,S18_3232
10122_S18_3232,10122,S18_3232
10127_S18_3232,10127,S18_3232
10136_S18_3232,10136,S18_3232
10141_S18_3232,10141,S18_3232
10148_S18_3232,10148,S18_3232
10151_S18_3232,10151,S18_3232
10160_S18_3232,10160,S18_3232
10165_S18_3232,10165,S18_3232
10171_S18_3232,10171,S18_3232
10175_S18_3232,10175,S18_3232
10181_S18_3232,10181,S18_3232
10184_S18_3232,10184,S18_3232
10192_S18_3232,10192,S18_3232
10195_S18_3232,10195,S18_3232
10203_S18_3232,10203,S18_3232
10207_S18_3232,10207,S18_3232
10212_S18_3232,10212,S18_3232
10225_S18_3232,10225,S18_3232
10229_S18_3232,10229,S18_3232
10239_S18_3232,10239,S18_3232
10246_S18_3232,10246,S18_3232
10253_S18_3232,10253,S18_3232
10259_S18_3232,10259,S18_3232
10266_S18_3232,10266,S18_3232
10271_S18_3232,10271,S18_3232
10278_S18_3232,10278,S18_3232
10281_S18_3232,10281,S18_3232
10287_S18_3232,10287,S18_3232
10292_S18_3232,10292,S18_3232
10301_S18_3232,10301,S18_3232
10305_S18_3232,10305,S18_3232
10310_S18_3232,10310,S18_3232
10313_S18_3232,10313,S18_3232
10321_S18_3232,10321,S18_3232
10324_S18_3232,10324,S18_3232
10331_S18_3232,10331,S18_3232
10334_S18_3232,10334,S18_3232
10342_S18_3232,10342,S18_3232
10349_S18_3232,10349,S18_3232
10358_S18_3232,10358,S18_3232
10366_S18_3232,10366,S18_3232
10370_S18_3232,10370,S18_3232
10377_S18_3232,10377,S18_3232
10383_S18_3232,10383,S18_3232
10394_S18_3232,10394,S18_3232
10405_S18_3232,10405,S18_3232
10412_S18_3232,10412,S18_3232
10419_S18_3232,10419,S18_3232
10425_S18_3232,10425,S18_3232
10105_S18_3259,10105,S18_3259
10117_S18_3259,10117,S18_3259
10128_S18_3259,10128,S18_3259
10142_S18_3259,10142,S18_3259
10153_S18_3259,10153,S18_3259
10165_S18_3259,10165,S18_3259
10177_S18_3259,10177,S18_3259
10185_S18_3259,10185,S18_3259
10196_S18_3259,10196,S18_3259
10208_S18_3259,10208,S18_3259
10221_S18_3259,10221,S18_3259
10232_S18_3259,10232,S18_3259
10248_S18_3259,10248,S18_3259
10273_S18_3259,10273,S18_3259
10282_S18_3259,10282,S18_3259
10293_S18_3259,10293,S18_3259
10306_S18_3259,10306,S18_3259
10314_S18_3259,10314,S18_3259
10326_S18_3259,10326,S18_3259
10336_S18_3259,10336,S18_3259
10350_S18_3259,10350,S18_3259
10372_S18_3259,10372,S18_3259
10383_S18_3259,10383,S18_3259
10396_S18_3259,10396,S18_3259
10414_S18_3259,10414,S18_3259
10108_S18_3278,10108,S18_3278
10122_S18_3278,10122,S18_3278
10135_S18_3278,10135,S18_3278
10147_S18_3278,10147,S18_3278
10159_S18_3278,10159,S18_3278
10169_S18_3278,10169,S18_3278
10181_S18_3278,10181,S18_3278
10191_S18_3278,10191,S18_3278
10203_S18_3278,10203,S18_3278
10211_S18_3278,10211,S18_3278
10225_S18_3278,10225,S18_3278
10238_S18_3278,10238,S18_3278
10252_S18_3278,10252,S18_3278
10265_S18_3278,10265,S18_3278
10276_S18_3278,10276,S18_3278
10287_S18_3278,10287,S18_3278
10300_S18_3278,10300,S18_3278
10310_S18_3278,10310,S18_3278
10319_S18_3278,10319,S18_3278
10329_S18_3278,10329,S18_3278
10342_S18_3278,10342,S18_3278
10363_S18_3278,10363,S18_3278
10378_S18_3278,10378,S18_3278
10390_S18_3278,10390,S18_3278
10103_S18_3320,10103,S18_3320
10111_S18_3320,10111,S18_3320
10126_S18_3320,10126,S18_3320
10139_S18_3320,10139,S18_3320
10149_S18_3320,10149,S18_3320
10163_S18_3320,10163,S18_3320
10173_S18_3320,10173,S18_3320
10182_S18_3320,10182,S18_3320
10193_S18_3320,10193,S18_3320
10206_S18_3320,10206,S18_3320
10215_S18_3320,10215,S18_3320
10227_S18_3320,10227,S18_3320
10244_S18_3320,10244,S18_3320
10257_S18_3320,10257,S18_3320
10280_S18_3320,10280,S18_3320
10290_S18_3320,10290,S18_3320
10304_S18_3320,10304,S18_3320
10312_S18_3320,10312,S18_3320
10323_S18_3320,10323,S18_3320
10333_S18_3320,10333,S18_3320
10347_S18_3320,10347,S18_3320
10357_S18_3320,10357,S18_3320
10369_S18_3320,10369,S18_3320
10382_S18_3320,10382,S18_3320
10392_S18_3320,10392,S18_3320
10423_S18_3320,10423,S18_3320
10108_S18_3482,10108,S18_3482
10122_S18_3482,10122,S18_3482
10135_S18_3482,10135,S18_3482
10147_S18_3482,10147,S18_3482
10159_S18_3482,10159,S18_3482
10169_S18_3482,10169,S18_3482
10181_S18_3482,10181,S18_3482
10191_S18_3482,10191,S18_3482
10203_S18_3482,10203,S18_3482
10211_S18_3482,10211,S18_3482
10225_S18_3482,10225,S18_3482
10238_S18_3482,10238,S18_3482
10252_S18_3482,10252,S18_3482
10265_S18_3482,10265,S18_3482
10276_S18_3482,10276,S18_3482
10287_S18_3482,10287,S18_3482
10300_S18_3482,10300,S18_3482
10310_S18_3482,10310,S18_3482
10320_S18_3482,10320,S18_3482
10330_S18_3482,10330,S18_3482
10342_S18_3482,10342,S18_3482
10355_S18_3482,10355,S18_3482
10363_S18_3482,10363,S18_3482
10378_S18_3482,10378,S18_3482
10390_S18_3482,10390,S18_3482
10109_S18_3685,10109,S18_3685
10123_S18_3685,10123,S18_3685
10137_S18_3685,10137,S18_3685
10148_S18_3685,10148,S18_3685
10161_S18_3685,10161,S18_3685
10172_S18_3685,10172,S18_3685
10181_S18_3685,10181,S18_3685
10192_S18_3685,10192,S18_3685
10204_S18_3685,10204,S18_3685
10212_S18_3685,10212,S18_3685
10226_S18_3685,10226,S18_3685
10240_S18_3685,10240,S18_3685
10253_S18_3685,10253,S18_3685
10266_S18_3685,10266,S18_3685
10278_S18_3685,10278,S18_3685
10287_S18_3685,10287,S18_3685
10301_S18_3685,10301,S18_3685
10311_S18_3685,10311,S18_3685
10321_S18_3685,10321,S18_3685
10331_S18_3685,10331,S18_3685
10343_S18_3685,10343,S18_3685
10367_S18_3685,10367,S18_3685
10379_S18_3685,10379,S18_3685
10406_S18_3685,10406,S18_3685
10419_S18_3685,10419,S18_3685
10108_S18_3782,10108,S18_3782
10122_S18_3782,10122,S18_3782
10135_S18_3782,10135,S18_3782
10146_S18_3782,10146,S18_3782
10159_S18_3782,10159,S18_3782
10169_S18_3782,10169,S18_3782
10180_S18_3782,10180,S18_3782
10191_S18_3782,10191,S18_3782
10211_S18_3782,10211,S18_3782
10224_S18_3782,10224,S18_3782
10237_S18_3782,10237,S18_3782
10252_S18_3782,10252,S18_3782
10264_S18_3782,10264,S18_3782
10276_S18_3782,10276,S18_3782
10286_S18_3782,10286,S18_3782
10299_S18_3782,10299,S18_3782
10310_S18_3782,10310,S18_3782
10319_S18_3782,10319,S18_3782
10330_S18_3782,10330,S18_3782
10342_S18_3782,10342,S18_3782
10355_S18_3782,10355,S18_3782
10363_S18_3782,10363,S18_3782
10378_S18_3782,10378,S18_3782
10390_S18_3782,10390,S18_3782
10403_S18_3782,10403,S18_3782
10106_S18_3856,10106,S18_3856
10119_S18_3856,10119,S18_3856
10130_S18_3856,10130,S18_3856
10143_S18_3856,10143,S18_3856
10155_S18_3856,10155,S18_3856
10167_S18_3856,10167,S18_3856
10178_S18_3856,10178,S18_3856
10186_S18_3856,10186,S18_3856
10197_S18_3856,10197,S18_3856
10209_S18_3856,10209,S18_3856
10222_S18_3856,10222,S18_3856
10249_S18_3856,10249,S18_3856
10262_S18_3856,10262,S18_3856
10273_S18_3856,10273,S18_3856
10283_S18_3856,10283,S18_3856
10296_S18_3856,10296,S18_3856
10307_S18_3856,10307,S18_3856
10316_S18_3856,10316,S18_3856
10328_S18_3856,10328,S18_3856
10338_S18_3856,10338,S18_3856
10351_S18_3856,10351,S18_3856
10373_S18_3856,10373,S18_3856
10386_S18_3856,10386,S18_3856
10398_S18_3856,10398,S18_3856
10400_S18_3856,10400,S18_3856
10415_S18_3856,10415,S18_3856
10104_S18_4027,10104,S18_4027
10117_S18_4027,10117,S18_4027
10127_S18_4027,10127,S18_4027
10142_S18_4027,10142,S18_4027
10152_S18_4027,10152,S18_4027
10165_S18_4027,10165,S18_4027
10176_S18_4027,10176,S18_4027
10185_S18_4027,10185,S18_4027
10196_S18_4027,10196,S18_4027
10207_S18_4027,10207,S18_4027
10220_S18_4027,10220,S18_4027
10230_S18_4027,10230,S18_4027
10247_S18_4027,10247,S18_4027
10272_S18_4027,10272,S18_4027
10282_S18_4027,10282,S18_4027
10292_S18_4027,10292,S18_4027
10306_S18_4027,10306,S18_4027
10314_S18_4027,10314,S18_4027
10324_S18_4027,10324,S18_4027
10337_S18_4027,10337,S18_4027
10349_S18_4027,10349,S18_4027
10358_S18_4027,10358,S18_4027
10372_S18_4027,10372,S18_4027
10383_S18_4027,10383,S18_4027
10394_S18_4027,10394,S18_4027
10413_S18_4027,10413,S18_4027
10100_S18_4409,10100,S18_4409
10110_S18_4409,10110,S18_4409
10124_S18_4409,10124,S18_4409
10148_S18_4409,10148,S18_4409
10162_S18_4409,10162,S18_4409
10173_S18_4409,10173,S18_4409
10182_S18_4409,10182,S18_4409
10193_S18_4409,10193,S18_4409
10204_S18_4409,10204,S18_4409
10213_S18_4409,10213,S18_4409
10227_S18_4409,10227,S18_4409
10241_S18_4409,10241,S18_4409
10280_S18_4409,10280,S18_4409
10288_S18_4409,10288,S18_4409
10302_S18_4409,10302,S18_4409
10311_S18_4409,10311,S18_4409
10332_S18_4409,10332,S18_4409
10344_S18_4409,10344,S18_4409
10367_S18_4409,10367,S18_4409
10380_S18_4409,10380,S18_4409
10407_S18_4409,10407,S18_4409
10420_S18_4409,10420,S18_4409
10105_S18_4522,10105,S18_4522
10117_S18_4522,10117,S18_4522
10128_S18_4522,10128,S18_4522
10142_S18_4522,10142,S18_4522
10153_S18_4522,10153,S18_4522
10166_S18_4522,10166,S18_4522
10177_S18_4522,10177,S18_4522
10185_S18_4522,10185,S18_4522
10197_S18_4522,10197,S18_4522
10208_S18_4522,10208,S18_4522
10221_S18_4522,10221,S18_4522
10232_S18_4522,10232,S18_4522
10248_S18_4522,10248,S18_4522
10261_S18_4522,10261,S18_4522
10273_S18_4522,10273,S18_4522
10283_S18_4522,10283,S18_4522
10293_S18_4522,10293,S18_4522
10306_S18_4522,10306,S18_4522
10315_S18_4522,10315,S18_4522
10326_S18_4522,10326,S18_4522
10337_S18_4522,10337,S18_4522
10350_S18_4522,10350,S18_4522
10372_S18_4522,10372,S18_4522
10383_S18_4522,10383,S18_4522
10396_S18_4522,10396,S18_4522
10414_S18_4522,10414,S18_4522
10103_S18_4600,10103,S18_4600
10114_S18_4600,10114,S18_4600
10126_S18_4600,10126,S18_4600
10140_S18_4600,10140,S18_4600
10150_S18_4600,10150,S18_4600
10164_S18_4600,10164,S18_4600
10175_S18_4600,10175,S18_4600
10183_S18_4600,10183,S18_4600
10194_S18_4600,10194,S18_4600
10207_S18_4600,10207,S18_4600
10217_S18_4600,10217,S18_4600
10229_S18_4600,10229,S18_4600
10245_S18_4600,10245,S18_4600
10259_S18_4600,10259,S18_4600
10270_S18_4600,10270,S18_4600
10281_S18_4600,10281,S18_4600
10291_S18_4600,10291,S18_4600
10305_S18_4600,10305,S18_4600
10313_S18_4600,10313,S18_4600
10323_S18_4600,10323,S18_4600
10334_S18_4600,10334,S18_4600
10347_S18_4600,10347,S18_4600
10357_S18_4600,10357,S18_4600
10370_S18_4600,10370,S18_4600
10382_S18_4600,10382,S18_4600
10411_S18_4600,10411,S18_4600
10425_S18_4600,10425,S18_4600
10103_S18_4668,10103,S18_4668
10113_S18_4668,10113,S18_4668
10126_S18_4668,10126,S18_4668
10140_S18_4668,10140,S18_4668
10150_S18_4668,10150,S18_4668
10164_S18_4668,10164,S18_4668
10174_S18_4668,10174,S18_4668
10183_S18_4668,10183,S18_4668
10194_S18_4668,10194,S18_4668
10206_S18_4668,10206,S18_4668
10215_S18_4668,10215,S18_4668
10229_S18_4668,10229,S18_4668
10245_S18_4668,10245,S18_4668
10258_S18_4668,10258,S18_4668
10270_S18_4668,10270,S18_4668
10281_S18_4668,10281,S18_4668
10291_S18_4668,10291,S18_4668
10304_S18_4668,10304,S18_4668
10312_S18_4668,10312,S18_4668
10324_S18_4668,10324,S18_4668
10333_S18_4668,10333,S18_4668
10348_S18_4668,10348,S18_4668
10358_S18_4668,10358,S18_4668
10370_S18_4668,10370,S18_4668
10382_S18_4668,10382,S18_4668
10411_S18_4668,10411,S18_4668
10424_S18_4668,10424,S18_4668
10108_S18_4721,10108,S18_4721
10122_S18_4721,10122,S18_4721
10135_S18_4721,10135,S18_4721
10146_S18_4721,10146,S18_4721
10159_S18_4721,10159,S18_4721
10169_S18_4721,10169,S18_4721
10180_S18_4721,10180,S18_4721
10191_S18_4721,10191,S18_4721
10211_S18_4721,10211,S18_4721
10225_S18_4721,10225,S18_4721
10238_S18_4721,10238,S18_4721
10252_S18_4721,10252,S18_4721
10264_S18_4721,10264,S18_4721
10276_S18_4721,10276,S18_4721
10287_S18_4721,10287,S18_4721
10299_S18_4721,10299,S18_4721
10310_S18_4721,10310,S18_4721
10319_S18_4721,10319,S18_4721
10330_S18_4721,10330,S18_4721
10342_S18_4721,10342,S18_4721
10355_S18_4721,10355,S18_4721
10363_S18_4721,10363,S18_4721
10378_S18_4721,10378,S18_4721
10390_S18_4721,10390,S18_4721
10110_S18_4933,10110,S18_4933
10124_S18_4933,10124,S18_4933
10148_S18_4933,10148,S18_4933
10161_S18_4933,10161,S18_4933
10173_S18_4933,10173,S18_4933
10182_S18_4933,10182,S18_4933
10193_S18_4933,10193,S18_4933
10204_S18_4933,10204,S18_4933
10213_S18_4933,10213,S18_4933
10227_S18_4933,10227,S18_4933
10241_S18_4933,10241,S18_4933
10267_S18_4933,10267,S18_4933
10279_S18_4933,10279,S18_4933
10288_S18_4933,10288,S18_4933
10302_S18_4933,10302,S18_4933
10311_S18_4933,10311,S18_4933
10332_S18_4933,10332,S18_4933
10344_S18_4933,10344,S18_4933
10367_S18_4933,10367,S18_4933
10380_S18_4933,10380,S18_4933
10407_S18_4933,10407,S18_4933
10420_S18_4933,10420,S18_4933
10110_S24_1046,10110,S24_1046
10124_S24_1046,10124,S24_1046
10148_S24_1046,10148,S24_1046
10161_S24_1046,10161,S24_1046
10172_S24_1046,10172,S24_1046
10182_S24_1046,10182,S24_1046
10192_S24_1046,10192,S24_1046
10204_S24_1046,10204,S24_1046
10212_S24_1046,10212,S24_1046
10226_S24_1046,10226,S24_1046
10241_S24_1046,10241,S24_1046
10267_S24_1046,10267,S24_1046
10279_S24_1046,10279,S24_1046
10288_S24_1046,10288,S24_1046
10301_S24_1046,10301,S24_1046
10311_S24_1046,10311,S24_1046
10321_S24_1046,10321,S24_1046
10332_S24_1046,10332,S24_1046
10344_S24_1046,10344,S24_1046
10367_S24_1046,10367,S24_1046
10380_S24_1046,10380,S24_1046
10407_S24_1046,10407,S24_1046
10420_S24_1046,10420,S24_1046
10104_S24_1444,10104,S24_1444
10115_S24_1444,10115,S24_1444
10127_S24_1444,10127,S24_1444
10141_S24_1444,10141,S24_1444
10152_S24_1444,10152,S24_1444
10165_S24_1444,10165,S24_1444
10176_S24_1444,10176,S24_1444
10184_S24_1444,10184,S24_1444
10195_S24_1444,10195,S24_1444
10207_S24_1444,10207,S24_1444
10220_S24_1444,10220,S24_1444
10230_S24_1444,10230,S24_1444
10246_S24_1444,10246,S24_1444
10259_S24_1444,10259,S24_1444
10271_S24_1444,10271,S24_1444
10282_S24_1444,10282,S24_1444
10292_S24_1444,10292,S24_1444
10305_S24_1444,10305,S24_1444
10314_S24_1444,10314,S24_1444
10324_S24_1444,10324,S24_1444
10336_S24_1444,10336,S24_1444
10349_S24_1444,10349,S24_1444
10358_S24_1444,10358,S24_1444
10371_S24_1444,10371,S24_1444
10383_S24_1444,10383,S24_1444
10394_S24_1444,10394,S24_1444
10412_S24_1444,10412,S24_1444
10425_S24_1444,10425,S24_1444
10107_S24_1578,10107,S24_1578
10120_S24_1578,10120,S24_1578
10134_S24_1578,10134,S24_1578
10145_S24_1578,10145,S24_1578
10159_S24_1578,10159,S24_1578
10168_S24_1578,10168,S24_1578
10180_S24_1578,10180,S24_1578
10188_S24_1578,10188,S24_1578
10201_S24_1578,10201,S24_1578
10211_S24_1578,10211,S24_1578
10223_S24_1578,10223,S24_1578
10237_S24_1578,10237,S24_1578
10251_S24_1578,10251,S24_1578
10263_S24_1578,10263,S24_1578
10275_S24_1578,10275,S24_1578
10285_S24_1578,10285,S24_1578
10299_S24_1578,10299,S24_1578
10309_S24_1578,10309,S24_1578
10318_S24_1578,10318,S24_1578
10329_S24_1578,10329,S24_1578
10339_S24_1578,10339,S24_1578
10362_S24_1578,10362,S24_1578
10374_S24_1578,10374,S24_1578
10389_S24_1578,10389,S24_1578
10403_S24_1578,10403,S24_1578
10417_S24_1578,10417,S24_1578
10110_S24_1628,10110,S24_1628
10123_S24_1628,10123,S24_1628
10137_S24_1628,10137,S24_1628
10148_S24_1628,10148,S24_1628
10161_S24_1628,10161,S24_1628
10172_S24_1628,10172,S24_1628
10181_S24_1628,10181,S24_1628
10192_S24_1628,10192,S24_1628
10204_S24_1628,10204,S24_1628
10212_S24_1628,10212,S24_1628
10226_S24_1628,10226,S24_1628
10241_S24_1628,10241,S24_1628
10266_S24_1628,10266,S24_1628
10278_S24_1628,10278,S24_1628
10288_S24_1628,10288,S24_1628
10301_S24_1628,10301,S24_1628
10311_S24_1628,10311,S24_1628
10321_S24_1628,10321,S24_1628
10332_S24_1628,10332,S24_1628
10343_S24_1628,10343,S24_1628
10367_S24_1628,10367,S24_1628
10379_S24_1628,10379,S24_1628
10407_S24_1628,10407,S24_1628
10420_S24_1628,10420,S24_1628
10106_S24_1785,10106,S24_1785
10120_S24_1785,10120,S24_1785
10133_S24_1785,10133,S24_1785
10145_S24_1785,10145,S24_1785
10168_S24_1785,10168,S24_1785
10210_S24_1785,10210,S24_1785
10223_S24_1785,10223,S24_1785
10235_S24_1785,10235,S24_1785
10250_S24_1785,10250,S24_1785
10262_S24_1785,10262,S24_1785
10275_S24_1785,10275,S24_1785
10284_S24_1785,10284,S24_1785
10297_S24_1785,10297,S24_1785
10308_S24_1785,10308,S24_1785
10316_S24_1785,10316,S24_1785
10328_S24_1785,10328,S24_1785
10339_S24_1785,10339,S24_1785
10353_S24_1785,10353,S24_1785
10374_S24_1785,10374,S24_1785
10386_S24_1785,10386,S24_1785
10398_S24_1785,10398,S24_1785
10401_S24_1785,10401,S24_1785
10416_S24_1785,10416,S24_1785
10101_S24_1937,10101,S24_1937
10110_S24_1937,10110,S24_1937
10124_S24_1937,10124,S24_1937
10149_S24_1937,10149,S24_1937
10162_S24_1937,10162,S24_1937
10173_S24_1937,10173,S24_1937
10182_S24_1937,10182,S24_1937
10193_S24_1937,10193,S24_1937
10205_S24_1937,10205,S24_1937
10214_S24_1937,10214,S24_1937
10227_S24_1937,10227,S24_1937
10243_S24_1937,10243,S24_1937
10280_S24_1937,10280,S24_1937
10288_S24_1937,10288,S24_1937
10304_S24_1937,10304,S24_1937
10312_S24_1937,10312,S24_1937
10322_S24_1937,10322,S24_1937
10332_S24_1937,10332,S24_1937
10344_S24_1937,10344,S24_1937
10356_S24_1937,10356,S24_1937
10367_S24_1937,10367,S24_1937
10380_S24_1937,10380,S24_1937
10391_S24_1937,10391,S24_1937
10409_S24_1937,10409,S24_1937
10420_S24_1937,10420,S24_1937
10107_S24_2000,10107,S24_2000
10120_S24_2000,10120,S24_2000
10134_S24_2000,10134,S24_2000
10145_S24_2000,10145,S24_2000
10158_S24_2000,10158,S24_2000
10168_S24_2000,10168,S24_2000
10180_S24_2000,10180,S24_2000
10188_S24_2000,10188,S24_2000
10201_S24_2000,10201,S24_2000
10210_S24_2000,10210,S24_2000
10223_S24_2000,10223,S24_2000
10236_S24_2000,10236,S24_2000
10250_S24_2000,10250,S24_2000
10263_S24_2000,10263,S24_2000
10275_S24_2000,10275,S24_2000
10285_S24_2000,10285,S24_2000
10297_S24_2000,10297,S24_2000
10308_S24_2000,10308,S24_2000
10318_S24_2000,10318,S24_2000
10329_S24_2000,10329,S24_2000
10340_S24_2000,10340,S24_2000
10363_S24_2000,10363,S24_2000
10375_S24_2000,10375,S24_2000
10389_S24_2000,10389,S24_2000
10402_S24_2000,10402,S24_2000
10416_S24_2000,10416,S24_2000
10105_S24_2011,10105,S24_2011
10117_S24_2011,10117,S24_2011
10129_S24_2011,10129,S24_2011
10142_S24_2011,10142,S24_2011
10153_S24_2011,10153,S24_2011
10167_S24_2011,10167,S24_2011
10177_S24_2011,10177,S24_2011
10185_S24_2011,10185,S24_2011
10197_S24_2011,10197,S24_2011
10208_S24_2011,10208,S24_2011
10221_S24_2011,10221,S24_2011
10232_S24_2011,10232,S24_2011
10248_S24_2011,10248,S24_2011
10261_S24_2011,10261,S24_2011
10273_S24_2011,10273,S24_2011
10283_S24_2011,10283,S24_2011
10293_S24_2011,10293,S24_2011
10306_S24_2011,10306,S24_2011
10315_S24_2011,10315,S24_2011
10326_S24_2011,10326,S24_2011
10337_S24_2011,10337,S24_2011
10350_S24_2011,10350,S24_2011
10372_S24_2011,10372,S24_2011
10384_S24_2011,10384,S24_2011
10396_S24_2011,10396,S24_2011
10414_S24_2011,10414,S24_2011
10101_S24_2022,10101,S24_2022
10110_S24_2022,10110,S24_2022
10124_S24_2022,10124,S24_2022
10149_S24_2022,10149,S24_2022
10162_S24_2022,10162,S24_2022
10173_S24_2022,10173,S24_2022
10182_S24_2022,10182,S24_2022
10193_S24_2022,10193,S24_2022
10205_S24_2022,10205,S24_2022
10214_S24_2022,10214,S24_2022
10227_S24_2022,10227,S24_2022
10244_S24_2022,10244,S24_2022
10255_S24_2022,10255,S24_2022
10280_S24_2022,10280,S24_2022
10289_S24_2022,10289,S24_2022
10304_S24_2022,10304,S24_2022
10312_S24_2022,10312,S24_2022
10322_S24_2022,10322,S24_2022
10332_S24_2022,10332,S24_2022
10345_S24_2022,10345,S24_2022
10356_S24_2022,10356,S24_2022
10367_S24_2022,10367,S24_2022
10380_S24_2022,10380,S24_2022
10391_S24_2022,10391,S24_2022
10421_S24_2022,10421,S24_2022
10103_S24_2300,10103,S24_2300
10114_S24_2300,10114,S24_2300
10126_S24_2300,10126,S24_2300
10140_S24_2300,10140,S24_2300
10151_S24_2300,10151,S24_2300
10165_S24_2300,10165,S24_2300
10175_S24_2300,10175,S24_2300
10184_S24_2300,10184,S24_2300
10194_S24_2300,10194,S24_2300
10207_S24_2300,10207,S24_2300
10217_S24_2300,10217,S24_2300
10229_S24_2300,10229,S24_2300
10246_S24_2300,10246,S24_2300
10259_S24_2300,10259,S24_2300
10271_S24_2300,10271,S24_2300
10281_S24_2300,10281,S24_2300
10291_S24_2300,10291,S24_2300
10305_S24_2300,10305,S24_2300
10313_S24_2300,10313,S24_2300
10324_S24_2300,10324,S24_2300
10334_S24_2300,10334,S24_2300
10348_S24_2300,10348,S24_2300
10358_S24_2300,10358,S24_2300
10371_S24_2300,10371,S24_2300
10382_S24_2300,10382,S24_2300
10412_S24_2300,10412,S24_2300
10425_S24_2300,10425,S24_2300
10108_S24_2360,10108,S24_2360
10121_S24_2360,10121,S24_2360
10135_S24_2360,10135,S24_2360
10145_S24_2360,10145,S24_2360
10159_S24_2360,10159,S24_2360
10169_S24_2360,10169,S24_2360
10180_S24_2360,10180,S24_2360
10190_S24_2360,10190,S24_2360
10211_S24_2360,10211,S24_2360
10224_S24_2360,10224,S24_2360
10237_S24_2360,10237,S24_2360
10252_S24_2360,10252,S24_2360
10264_S24_2360,10264,S24_2360
10276_S24_2360,10276,S24_2360
10285_S24_2360,10285,S24_2360
10299_S24_2360,10299,S24_2360
10309_S24_2360,10309,S24_2360
10319_S24_2360,10319,S24_2360
10330_S24_2360,10330,S24_2360
10341_S24_2360,10341,S24_2360
10355_S24_2360,10355,S24_2360
10363_S24_2360,10363,S24_2360
10375_S24_2360,10375,S24_2360
10390_S24_2360,10390,S24_2360
10403_S24_2360,10403,S24_2360
10110_S24_2766,10110,S24_2766
10124_S24_2766,10124,S24_2766
10148_S24_2766,10148,S24_2766
10161_S24_2766,10161,S24_2766
10172_S24_2766,10172,S24_2766
10182_S24_2766,10182,S24_2766
10192_S24_2766,10192,S24_2766
10204_S24_2766,10204,S24_2766
10212_S24_2766,10212,S24_2766
10227_S24_2766,10227,S24_2766
10241_S24_2766,10241,S24_2766
10267_S24_2766,10267,S24_2766
10279_S24_2766,10279,S24_2766
10288_S24_2766,10288,S24_2766
10302_S24_2766,10302,S24_2766
10311_S24_2766,10311,S24_2766
10321_S24_2766,10321,S24_2766
10332_S24_2766,10332,S24_2766
10346_S24_2766,10346,S24_2766
10368_S24_2766,10368,S24_2766
10380_S24_2766,10380,S24_2766
10407_S24_2766,10407,S24_2766
10420_S24_2766,10420,S24_2766
10104_S24_2840,10104,S24_2840
10114_S24_2840,10114,S24_2840
10127_S24_2840,10127,S24_2840
10141_S24_2840,10141,S24_2840
10151_S24_2840,10151,S24_2840
10165_S24_2840,10165,S24_2840
10175_S24_2840,10175,S24_2840
10184_S24_2840,10184,S24_2840
10195_S24_2840,10195,S24_2840
10207_S24_2840,10207,S24_2840
10219_S24_2840,10219,S24_2840
10229_S24_2840,10229,S24_2840
10246_S24_2840,10246,S24_2840
10259_S24_2840,10259,S24_2840
10271_S24_2840,10271,S24_2840
10281_S24_2840,10281,S24_2840
10292_S24_2840,10292,S24_2840
10305_S24_2840,10305,S24_2840
10314_S24_2840,10314,S24_2840
10324_S24_2840,10324,S24_2840
10335_S24_2840,10335,S24_2840
10349_S24_2840,10349,S24_2840
10358_S24_2840,10358,S24_2840
10371_S24_2840,10371,S24_2840
10383_S24_2840,10383,S24_2840
10394_S24_2840,10394,S24_2840
10412_S24_2840,10412,S24_2840
10425_S24_2840,10425,S24_2840
10106_S24_2841,10106,S24_2841
10119_S24_2841,10119,S24_2841
10131_S24_2841,10131,S24_2841
10143_S24_2841,10143,S24_2841
10155_S24_2841,10155,S24_2841
10167_S24_2841,10167,S24_2841
10178_S24_2841,10178,S24_2841
10186_S24_2841,10186,S24_2841
10198_S24_2841,10198,S24_2841
10209_S24_2841,10209,S24_2841
10222_S24_2841,10222,S24_2841
10249_S24_2841,10249,S24_2841
10262_S24_2841,10262,S24_2841
10274_S24_2841,10274,S24_2841
10284_S24_2841,10284,S24_2841
10296_S24_2841,10296,S24_2841
10307_S24_2841,10307,S24_2841
10316_S24_2841,10316,S24_2841
10328_S24_2841,10328,S24_2841
10339_S24_2841,10339,S24_2841
10351_S24_2841,10351,S24_2841
10373_S24_2841,10373,S24_2841
10386_S24_2841,10386,S24_2841
10398_S24_2841,10398,S24_2841
10400_S24_2841,10400,S24_2841
10415_S24_2841,10415,S24_2841
10110_S24_2887,10110,S24_2887
10124_S24_2887,10124,S24_2887
10148_S24_2887,10148,S24_2887
10161_S24_2887,10161,S24_2887
10173_S24_2887,10173,S24_2887
10182_S24_2887,10182,S24_2887
10192_S24_2887,10192,S24_2887
10204_S24_2887,10204,S24_2887
10213_S24_2887,10213,S24_2887
10227_S24_2887,10227,S24_2887
10241_S24_2887,10241,S24_2887
10267_S24_2887,10267,S24_2887
10279_S24_2887,10279,S24_2887
10288_S24_2887,10288,S24_2887
10302_S24_2887,10302,S24_2887
10311_S24_2887,10311,S24_2887
10332_S24_2887,10332,S24_2887
10346_S24_2887,10346,S24_2887
10368_S24_2887,10368,S24_2887
10380_S24_2887,10380,S24_2887
10407_S24_2887,10407,S24_2887
10420_S24_2887,10420,S24_2887
10109_S24_2972,10109,S24_2972
10122_S24_2972,10122,S24_2972
10135_S24_2972,10135,S24_2972
10147_S24_2972,10147,S24_2972
10160_S24_2972,10160,S24_2972
10171_S24_2972,10171,S24_2972
10181_S24_2972,10181,S24_2972
10192_S24_2972,10192,S24_2972
10203_S24_2972,10203,S24_2972
10212_S24_2972,10212,S24_2972
10225_S24_2972,10225,S24_2972
10239_S24_2972,10239,S24_2972
10253_S24_2972,10253,S24_2972
10266_S24_2972,10266,S24_2972
10278_S24_2972,10278,S24_2972
10287_S24_2972,10287,S24_2972
10301_S24_2972,10301,S24_2972
10310_S24_2972,10310,S24_2972
10321_S24_2972,10321,S24_2972
10331_S24_2972,10331,S24_2972
10342_S24_2972,10342,S24_2972
10355_S24_2972,10355,S24_2972
10367_S24_2972,10367,S24_2972
10378_S24_2972,10378,S24_2972
10390_S24_2972,10390,S24_2972
10405_S24_2972,10405,S24_2972
10419_S24_2972,10419,S24_2972
10105_S24_3151,10105,S24_3151
10119_S24_3151,10119,S24_3151
10129_S24_3151,10129,S24_3151
10142_S24_3151,10142,S24_3151
10154_S24_3151,10154,S24_3151
10167_S24_3151,10167,S24_3151
10177_S24_3151,10177,S24_3151
10185_S24_3151,10185,S24_3151
10197_S24_3151,10197,S24_3151
10208_S24_3151,10208,S24_3151
10222_S24_3151,10222,S24_3151
10233_S24_3151,10233,S24_3151
10248_S24_3151,10248,S24_3151
10261_S24_3151,10261,S24_3151
10273_S24_3151,10273,S24_3151
10283_S24_3151,10283,S24_3151
10295_S24_3151,10295,S24_3151
10306_S24_3151,10306,S24_3151
10315_S24_3151,10315,S24_3151
10326_S24_3151,10326,S24_3151
10339_S24_3151,10339,S24_3151
10350_S24_3151,10350,S24_3151
10373_S24_3151,10373,S24_3151
10384_S24_3151,10384,S24_3151
10396_S24_3151,10396,S24_3151
10414_S24_3151,10414,S24_3151
10110_S24_3191,10110,S24_3191
10124_S24_3191,10124,S24_3191
10148_S24_3191,10148,S24_3191
10161_S24_3191,10161,S24_3191
10172_S24_3191,10172,S24_3191
10182_S24_3191,10182,S24_3191
10192_S24_3191,10192,S24_3191
10204_S24_3191,10204,S24_3191
10212_S24_3191,10212,S24_3191
10227_S24_3191,10227,S24_3191
10241_S24_3191,10241,S24_3191
10267_S24_3191,10267,S24_3191
10279_S24_3191,10279,S24_3191
10288_S24_3191,10288,S24_3191
10302_S24_3191,10302,S24_3191
10311_S24_3191,10311,S24_3191
10321_S24_3191,10321,S24_3191
10332_S24_3191,10332,S24_3191
10346_S24_3191,10346,S24_3191
10368_S24_3191,10368,S24_3191
10380_S24_3191,10380,S24_3191
10407_S24_3191,10407,S24_3191
10420_S24_3191,10420,S24_3191
10108_S24_3371,10108,S24_3371
10122_S24_3371,10122,S24_3371
10135_S24_3371,10135,S24_3371
10147_S24_3371,10147,S24_3371
10159_S24_3371,10159,S24_3371
10169_S24_3371,10169,S24_3371
10181_S24_3371,10181,S24_3371
10191_S24_3371,10191,S24_3371
10203_S24_3371,10203,S24_3371
10211_S24_3371,10211,S24_3371
10225_S24_3371,10225,S24_3371
10238_S24_3371,10238,S24_3371
10253_S24_3371,10253,S24_3371
10266_S24_3371,10266,S24_3371
10276_S24_3371,10276,S24_3371
10287_S24_3371,10287,S24_3371
10300_S24_3371,10300,S24_3371
10310_S24_3371,10310,S24_3371
10320_S24_3371,10320,S24_3371
10331_S24_3371,10331,S24_3371
10342_S24_3371,10342,S24_3371
10355_S24_3371,10355,S24_3371
10363_S24_3371,10363,S24_3371
10378_S24_3371,10378,S24_3371
10390_S24_3371,10390,S24_3371
10419_S24_3371,10419,S24_3371
10106_S24_3420,10106,S24_3420
10119_S24_3420,10119,S24_3420
10131_S24_3420,10131,S24_3420
10143_S24_3420,10143,S24_3420
10155_S24_3420,10155,S24_3420
10167_S24_3420,10167,S24_3420
10178_S24_3420,10178,S24_3420
10186_S24_3420,10186,S24_3420
10198_S24_3420,10198,S24_3420
10209_S24_3420,10209,S24_3420
10222_S24_3420,10222,S24_3420
10249_S24_3420,10249,S24_3420
10262_S24_3420,10262,S24_3420
10274_S24_3420,10274,S24_3420
10284_S24_3420,10284,S24_3420
10296_S24_3420,10296,S24_3420
10307_S24_3420,10307,S24_3420
10316_S24_3420,10316,S24_3420
10328_S24_3420,10328,S24_3420
10339_S24_3420,10339,S24_3420
10351_S24_3420,10351,S24_3420
10361_S24_3420,10361,S24_3420
10373_S24_3420,10373,S24_3420
10386_S24_3420,10386,S24_3420
10398_S24_3420,10398,S24_3420
10400_S24_3420,10400,S24_3420
10415_S24_3420,10415,S24_3420
10110_S24_3432,10110,S24_3432
10124_S24_3432,10124,S24_3432
10148_S24_3432,10148,S24_3432
10161_S24_3432,10161,S24_3432
10172_S24_3432,10172,S24_3432
10182_S24_3432,10182,S24_3432
10192_S24_3432,10192,S24_3432
10204_S24_3432,10204,S24_3432
10212_S24_3432,10212,S24_3432
10226_S24_3432,10226,S24_3432
10241_S24_3432,10241,S24_3432
10267_S24_3432,10267,S24_3432
10279_S24_3432,10279,S24_3432
10288_S24_3432,10288,S24_3432
10301_S24_3432,10301,S24_3432
10311_S24_3432,10311,S24_3432
10321_S24_3432,10321,S24_3432
10332_S24_3432,10332,S24_3432
10346_S24_3432,10346,S24_3432
10368_S24_3432,10368,S24_3432
10380_S24_3432,10380,S24_3432
10407_S24_3432,10407,S24_3432
10420_S24_3432,10420,S24_3432
10105_S24_3816,10105,S24_3816
10119_S24_3816,10119,S24_3816
10129_S24_3816,10129,S24_3816
10143_S24_3816,10143,S24_3816
10155_S24_3816,10155,S24_3816
10167_S24_3816,10167,S24_3816
10178_S24_3816,10178,S24_3816
10186_S24_3816,10186,S24_3816
10197_S24_3816,10197,S24_3816
10209_S24_3816,10209,S24_3816
10222_S24_3816,10222,S24_3816
10248_S24_3816,10248,S24_3816
10262_S24_3816,10262,S24_3816
10273_S24_3816,10273,S24_3816
10283_S24_3816,10283,S24_3816
10296_S24_3816,10296,S24_3816
10307_S24_3816,10307,S24_3816
10316_S24_3816,10316,S24_3816
10326_S24_3816,10326,S24_3816
10339_S24_3816,10339,S24_3816
10350_S24_3816,10350,S24_3816
10373_S24_3816,10373,S24_3816
10385_S24_3816,10385,S24_3816
10396_S24_3816,10396,S24_3816
10400_S24_3816,10400,S24_3816
10414_S24_3816,10414,S24_3816
10108_S24_3856,10108,S24_3856
10122_S24_3856,10122,S24_3856
10135_S24_3856,10135,S24_3856
10147_S24_3856,10147,S24_3856
10160_S24_3856,10160,S24_3856
10170_S24_3856,10170,S24_3856
10181_S24_3856,10181,S24_3856
10192_S24_3856,10192,S24_3856
10203_S24_3856,10203,S24_3856
10212_S24_3856,10212,S24_3856
10225_S24_3856,10225,S24_3856
10239_S24_3856,10239,S24_3856
10253_S24_3856,10253,S24_3856
10266_S24_3856,10266,S24_3856
10278_S24_3856,10278,S24_3856
10287_S24_3856,10287,S24_3856
10301_S24_3856,10301,S24_3856
10310_S24_3856,10310,S24_3856
10321_S24_3856,10321,S24_3856
10331_S24_3856,10331,S24_3856
10342_S24_3856,10342,S24_3856
10355_S24_3856,10355,S24_3856
10363_S24_3856,10363,S24_3856
10378_S24_3856,10378,S24_3856
10390_S24_3856,10390,S24_3856
10405_S24_3856,10405,S24_3856
10419_S24_3856,10419,S24_3856
10106_S24_3949,10106,S24_3949
10119_S24_3949,10119,S24_3949
10131_S24_3949,10131,S24_3949
10143_S24_3949,10143,S24_3949
10155_S24_3949,10155,S24_3949
10168_S24_3949,10168,S24_3949
10178_S24_3949,10178,S24_3949
10198_S24_3949,10198,S24_3949
10210_S24_3949,10210,S24_3949
10222_S24_3949,10222,S24_3949
10235_S24_3949,10235,S24_3949
10250_S24_3949,10250,S24_3949
10262_S24_3949,10262,S24_3949
10275_S24_3949,10275,S24_3949
10284_S24_3949,10284,S24_3949
10296_S24_3949,10296,S24_3949
10308_S24_3949,10308,S24_3949
10316_S24_3949,10316,S24_3949
10328_S24_3949,10328,S24_3949
10339_S24_3949,10339,S24_3949
10351_S24_3949,10351,S24_3949
10361_S24_3949,10361,S24_3949
10373_S24_3949,10373,S24_3949
10386_S24_3949,10386,S24_3949
10398_S24_3949,10398,S24_3949
10401_S24_3949,10401,S24_3949
10416_S24_3949,10416,S24_3949
10100_S24_3969,10100,S24_3969
10110_S24_3969,10110,S24_3969
10124_S24_3969,10124,S24_3969
10149_S24_3969,10149,S24_3969
10162_S24_3969,10162,S24_3969
10173_S24_3969,10173,S24_3969
10182_S24_3969,10182,S24_3969
10193_S24_3969,10193,S24_3969
10204_S24_3969,10204,S24_3969
10214_S24_3969,10214,S24_3969
10227_S24_3969,10227,S24_3969
10242_S24_3969,10242,S24_3969
10280_S24_3969,10280,S24_3969
10288_S24_3969,10288,S24_3969
10303_S24_3969,10303,S24_3969
10312_S24_3969,10312,S24_3969
10332_S24_3969,10332,S24_3969
10346_S24_3969,10346,S24_3969
10368_S24_3969,10368,S24_3969
10380_S24_3969,10380,S24_3969
10408_S24_3969,10408,S24_3969
10420_S24_3969,10420,S24_3969
10104_S24_4048,10104,S24_4048
10115_S24_4048,10115,S24_4048
10127_S24_4048,10127,S24_4048
10141_S24_4048,10141,S24_4048
10152_S24_4048,10152,S24_4048
10165_S24_4048,10165,S24_4048
10176_S24_4048,10176,S24_4048
10184_S24_4048,10184,S24_4048
10195_S24_4048,10195,S24_4048
10207_S24_4048,10207,S24_4048
10220_S24_4048,10220,S24_4048
10230_S24_4048,10230,S24_4048
10246_S24_4048,10246,S24_4048
10271_S24_4048,10271,S24_4048
10282_S24_4048,10282,S24_4048
10292_S24_4048,10292,S24_4048
10305_S24_4048,10305,S24_4048
10314_S24_4048,10314,S24_4048
10325_S24_4048,10325,S24_4048
10336_S24_4048,10336,S24_4048
10349_S24_4048,10349,S24_4048
10359_S24_4048,10359,S24_4048
10371_S24_4048,10371,S24_4048
10383_S24_4048,10383,S24_4048
10394_S24_4048,10394,S24_4048
10412_S24_4048,10412,S24_4048
10103_S24_4258,10103,S24_4258
10111_S24_4258,10111,S24_4258
10126_S24_4258,10126,S24_4258
10139_S24_4258,10139,S24_4258
10149_S24_4258,10149,S24_4258
10163_S24_4258,10163,S24_4258
10173_S24_4258,10173,S24_4258
10183_S24_4258,10183,S24_4258
10193_S24_4258,10193,S24_4258
10206_S24_4258,10206,S24_4258
10215_S24_4258,10215,S24_4258
10228_S24_4258,10228,S24_4258
10244_S24_4258,10244,S24_4258
10257_S24_4258,10257,S24_4258
10269_S24_4258,10269,S24_4258
10280_S24_4258,10280,S24_4258
10290_S24_4258,10290,S24_4258
10304_S24_4258,10304,S24_4258
10312_S24_4258,10312,S24_4258
10324_S24_4258,10324,S24_4258
10333_S24_4258,10333,S24_4258
10348_S24_4258,10348,S24_4258
10358_S24_4258,10358,S24_4258
10369_S24_4258,10369,S24_4258
10382_S24_4258,10382,S24_4258
10423_S24_4258,10423,S24_4258
10106_S24_4278,10106,S24_4278
10120_S24_4278,10120,S24_4278
10133_S24_4278,10133,S24_4278
10145_S24_4278,10145,S24_4278
10168_S24_4278,10168,S24_4278
10210_S24_4278,10210,S24_4278
10223_S24_4278,10223,S24_4278
10235_S24_4278,10235,S24_4278
10250_S24_4278,10250,S24_4278
10263_S24_4278,10263,S24_4278
10275_S24_4278,10275,S24_4278
10284_S24_4278,10284,S24_4278
10297_S24_4278,10297,S24_4278
10308_S24_4278,10308,S24_4278
10317_S24_4278,10317,S24_4278
10328_S24_4278,10328,S24_4278
10340_S24_4278,10340,S24_4278
10353_S24_4278,10353,S24_4278
10361_S24_4278,10361,S24_4278
10375_S24_4278,10375,S24_4278
10386_S24_4278,10386,S24_4278
10398_S24_4278,10398,S24_4278
10401_S24_4278,10401,S24_4278
10416_S24_4278,10416,S24_4278
10108_S24_4620,10108,S24_4620
10122_S24_4620,10122,S24_4620
10135_S24_4620,10135,S24_4620
10147_S24_4620,10147,S24_4620
10159_S24_4620,10159,S24_4620
10169_S24_4620,10169,S24_4620
10180_S24_4620,10180,S24_4620
10191_S24_4620,10191,S24_4620
10211_S24_4620,10211,S24_4620
10225_S24_4620,10225,S24_4620
10238_S24_4620,10238,S24_4620
10252_S24_4620,10252,S24_4620
10264_S24_4620,10264,S24_4620
10276_S24_4620,10276,S24_4620
10287_S24_4620,10287,S24_4620
10299_S24_4620,10299,S24_4620
10310_S24_4620,10310,S24_4620
10319_S24_4620,10319,S24_4620
10331_S24_4620,10331,S24_4620
10343_S24_4620,10343,S24_4620
10355_S24_4620,10355,S24_4620
10363_S24_4620,10363,S24_4620
10378_S24_4620,10378,S24_4620
10390_S24_4620,10390,S24_4620
10103_S32_1268,10103,S32_1268
10114_S32_1268,10114,S32_1268
10126_S32_1268,10126,S32_1268
10140_S32_1268,10140,S32_1268
10151_S32_1268,10151,S32_1268
10164_S32_1268,10164,S32_1268
10175_S32_1268,10175,S32_1268
10184_S32_1268,10184,S32_1268
10194_S32_1268,10194,S32_1268
10207_S32_1268,10207,S32_1268
10217_S32_1268,10217,S32_1268
10229_S32_1268,10229,S32_1268
10245_S32_1268,10245,S32_1268
10259_S32_1268,10259,S32_1268
10270_S32_1268,10270,S32_1268
10281_S32_1268,10281,S32_1268
10291_S32_1268,10291,S32_1268
10305_S32_1268,10305,S32_1268
10313_S32_1268,10313,S32_1268
10324_S32_1268,10324,S32_1268
10335_S32_1268,10335,S32_1268
10348_S32_1268,10348,S32_1268
10358_S32_1268,10358,S32_1268
10371_S32_1268,10371,S32_1268
10382_S32_1268,10382,S32_1268
10411_S32_1268,10411,S32_1268
10425_S32_1268,10425,S32_1268
10107_S32_1374,10107,S32_1374
10120_S32_1374,10120,S32_1374
10133_S32_1374,10133,S32_1374
10145_S32_1374,10145,S32_1374
10168_S32_1374,10168,S32_1374
10188_S32_1374,10188,S32_1374
10210_S32_1374,10210,S32_1374
10223_S32_1374,10223,S32_1374
10235_S32_1374,10235,S32_1374
10250_S32_1374,10250,S32_1374
10263_S32_1374,10263,S32_1374
10275_S32_1374,10275,S32_1374
10285_S32_1374,10285,S32_1374
10297_S32_1374,10297,S32_1374
10308_S32_1374,10308,S32_1374
10318_S32_1374,10318,S32_1374
10329_S32_1374,10329,S32_1374
10340_S32_1374,10340,S32_1374
10353_S32_1374,10353,S32_1374
10363_S32_1374,10363,S32_1374
10375_S32_1374,10375,S32_1374
10387_S32_1374,10387,S32_1374
10401_S32_1374,10401,S32_1374
10416_S32_1374,10416,S32_1374
10108_S32_2206,10108,S32_2206
10122_S32_2206,10122,S32_2206
10135_S32_2206,10135,S32_2206
10145_S32_2206,10145,S32_2206
10159_S32_2206,10159,S32_2206
10169_S32_2206,10169,S32_2206
10180_S32_2206,10180,S32_2206
10190_S32_2206,10190,S32_2206
10211_S32_2206,10211,S32_2206
10224_S32_2206,10224,S32_2206
10237_S32_2206,10237,S32_2206
10252_S32_2206,10252,S32_2206
10264_S32_2206,10264,S32_2206
10276_S32_2206,10276,S32_2206
10285_S32_2206,10285,S32_2206
10299_S32_2206,10299,S32_2206
10310_S32_2206,10310,S32_2206
10319_S32_2206,10319,S32_2206
10331_S32_2206,10331,S32_2206
10343_S32_2206,10343,S32_2206
10355_S32_2206,10355,S32_2206
10364_S32_2206,10364,S32_2206
10378_S32_2206,10378,S32_2206
10390_S32_2206,10390,S32_2206
10403_S32_2206,10403,S32_2206
10104_S32_2509,10104,S32_2509
10114_S32_2509,10114,S32_2509
10127_S32_2509,10127,S32_2509
10141_S32_2509,10141,S32_2509
10151_S32_2509,10151,S32_2509
10165_S32_2509,10165,S32_2509
10175_S32_2509,10175,S32_2509
10184_S32_2509,10184,S32_2509
10195_S32_2509,10195,S32_2509
10207_S32_2509,10207,S32_2509
10219_S32_2509,10219,S32_2509
10229_S32_2509,10229,S32_2509
10246_S32_2509,10246,S32_2509
10259_S32_2509,10259,S32_2509
10271_S32_2509,10271,S32_2509
10281_S32_2509,10281,S32_2509
10292_S32_2509,10292,S32_2509
10305_S32_2509,10305,S32_2509
10313_S32_2509,10313,S32_2509
10325_S32_2509,10325,S32_2509
10335_S32_2509,10335,S32_2509
10349_S32_2509,10349,S32_2509
10359_S32_2509,10359,S32_2509
10371_S32_2509,10371,S32_2509
10383_S32_2509,10383,S32_2509
10394_S32_2509,10394,S32_2509
10412_S32_2509,10412,S32_2509
10425_S32_2509,10425,S32_2509
10104_S32_3207,10104,S32_3207
10116_S32_3207,10116,S32_3207
10127_S32_3207,10127,S32_3207
10142_S32_3207,10142,S32_3207
10152_S32_3207,10152,S32_3207
10165_S32_3207,10165,S32_3207
10176_S32_3207,10176,S32_3207
10184_S32_3207,10184,S32_3207
10195_S32_3207,10195,S32_3207
10207_S32_3207,10207,S32_3207
10220_S32_3207,10220,S32_3207
10230_S32_3207,10230,S32_3207
10247_S32_3207,10247,S32_3207
10272_S32_3207,10272,S32_3207
10282_S32_3207,10282,S32_3207
10292_S32_3207,10292,S32_3207
10306_S32_3207,10306,S32_3207
10314_S32_3207,10314,S32_3207
10325_S32_3207,10325,S32_3207
10336_S32_3207,10336,S32_3207
10350_S32_3207,10350,S32_3207
10359_S32_3207,10359,S32_3207
10371_S32_3207,10371,S32_3207
10383_S32_3207,10383,S32_3207
10394_S32_3207,10394,S32_3207
10413_S32_3207,10413,S32_3207
10103_S32_3522,10103,S32_3522
10113_S32_3522,10113,S32_3522
10126_S32_3522,10126,S32_3522
10140_S32_3522,10140,S32_3522
10150_S32_3522,10150,S32_3522
10164_S32_3522,10164,S32_3522
10175_S32_3522,10175,S32_3522
10183_S32_3522,10183,S32_3522
10194_S32_3522,10194,S32_3522
10206_S32_3522,10206,S32_3522
10217_S32_3522,10217,S32_3522
10229_S32_3522,10229,S32_3522
10245_S32_3522,10245,S32_3522
10258_S32_3522,10258,S32_3522
10270_S32_3522,10270,S32_3522
10281_S32_3522,10281,S32_3522
10291_S32_3522,10291,S32_3522
10304_S32_3522,10304,S32_3522
10313_S32_3522,10313,S32_3522
10324_S32_3522,10324,S32_3522
10333_S32_3522,10333,S32_3522
10348_S32_3522,10348,S32_3522
10358_S32_3522,10358,S32_3522
10370_S32_3522,10370,S32_3522
10382_S32_3522,10382,S32_3522
10411_S32_3522,10411,S32_3522
10424_S32_3522,10424,S32_3522
10106_S32_4289,10106,S32_4289
10120_S32_4289,10120,S32_4289
10133_S32_4289,10133,S32_4289
10144_S32_4289,10144,S32_4289
10168_S32_4289,10168,S32_4289
10210_S32_4289,10210,S32_4289
10223_S32_4289,10223,S32_4289
10235_S32_4289,10235,S32_4289
10250_S32_4289,10250,S32_4289
10262_S32_4289,10262,S32_4289
10275_S32_4289,10275,S32_4289
10284_S32_4289,10284,S32_4289
10297_S32_4289,10297,S32_4289
10308_S32_4289,10308,S32_4289
10316_S32_4289,10316,S32_4289
10328_S32_4289,10328,S32_4289
10340_S32_4289,10340,S32_4289
10353_S32_4289,10353,S32_4289
10361_S32_4289,10361,S32_4289
10375_S32_4289,10375,S32_4289
10388_S32_4289,10388,S32_4289
10398_S32_4289,10398,S32_4289
10401_S32_4289,10401,S32_4289
10416_S32_4289,10416,S32_4289
10108_S32_4485,10108,S32_4485
10121_S32_4485,10121,S32_4485
10135_S32_4485,10135,S32_4485
10145_S32_4485,10145,S32_4485
10159_S32_4485,10159,S32_4485
10169_S32_4485,10169,S32_4485
10180_S32_4485,10180,S32_4485
10190_S32_4485,10190,S32_4485
10211_S32_4485,10211,S32_4485
10224_S32_4485,10224,S32_4485
10237_S32_4485,10237,S32_4485
10252_S32_4485,10252,S32_4485
10264_S32_4485,10264,S32_4485
10276_S32_4485,10276,S32_4485
10285_S32_4485,10285,S32_4485
10299_S32_4485,10299,S32_4485
10309_S32_4485,10309,S32_4485
10319_S32_4485,10319,S32_4485
10331_S32_4485,10331,S32_4485
10341_S32_4485,10341,S32_4485
10355_S32_4485,10355,S32_4485
10365_S32_4485,10365,S32_4485
10375_S32_4485,10375,S32_4485
10390_S32_4485,10390,S32_4485
10403_S32_4485,10403,S32_4485
10106_S50_1341,10106,S50_1341
10120_S50_1341,10120,S50_1341
10133_S50_1341,10133,S50_1341
10143_S50_1341,10143,S50_1341
10156_S50_1341,10156,S50_1341
10168_S50_1341,10168,S50_1341
10199_S50_1341,10199,S50_1341
10210_S50_1341,10210,S50_1341
10223_S50_1341,10223,S50_1341
10235_S50_1341,10235,S50_1341
10250_S50_1341,10250,S50_1341
10262_S50_1341,10262,S50_1341
10275_S50_1341,10275,S50_1341
10284_S50_1341,10284,S50_1341
10296_S50_1341,10296,S50_1341
10308_S50_1341,10308,S50_1341
10316_S50_1341,10316,S50_1341
10328_S50_1341,10328,S50_1341
10340_S50_1341,10340,S50_1341
10353_S50_1341,10353,S50_1341
10361_S50_1341,10361,S50_1341
10375_S50_1341,10375,S50_1341
10388_S50_1341,10388,S50_1341
10398_S50_1341,10398,S50_1341
10401_S50_1341,10401,S50_1341
10416_S50_1341,10416,S50_1341
10104_S50_1392,10104,S50_1392
10115_S50_1392,10115,S50_1392
10127_S50_1392,10127,S50_1392
10141_S50_1392,10141,S50_1392
10151_S50_1392,10151,S50_1392
10165_S50_1392,10165,S50_1392
10176_S50_1392,10176,S50_1392
10184_S50_1392,10184,S50_1392
10195_S50_1392,10195,S50_1392
10207_S50_1392,10207,S50_1392
10220_S50_1392,10220,S50_1392
10230_S50_1392,10230,S50_1392
10246_S50_1392,10246,S50_1392
10259_S50_1392,10259,S50_1392
10271_S50_1392,10271,S50_1392
10282_S50_1392,10282,S50_1392
10292_S50_1392,10292,S50_1392
10305_S50_1392,10305,S50_1392
10314_S50_1392,10314,S50_1392
10325_S50_1392,10325,S50_1392
10336_S50_1392,10336,S50_1392
10350_S50_1392,10350,S50_1392
10359_S50_1392,10359,S50_1392
10371_S50_1392,10371,S50_1392
10383_S50_1392,10383,S50_1392
10395_S50_1392,10395,S50_1392
10412_S50_1392,10412,S50_1392
10425_S50_1392,10425,S50_1392
10104_S50_1514,10104,S50_1514
10117_S50_1514,10117,S50_1514
10127_S50_1514,10127,S50_1514
10142_S50_1514,10142,S50_1514
10153_S50_1514,10153,S50_1514
10165_S50_1514,10165,S50_1514
10176_S50_1514,10176,S50_1514
10185_S50_1514,10185,S50_1514
10196_S50_1514,10196,S50_1514
10208_S50_1514,10208,S50_1514
10220_S50_1514,10220,S50_1514
10230_S50_1514,10230,S50_1514
10247_S50_1514,10247,S50_1514
10272_S50_1514,10272,S50_1514
10282_S50_1514,10282,S50_1514
10292_S50_1514,10292,S50_1514
10306_S50_1514,10306,S50_1514
10314_S50_1514,10314,S50_1514
10325_S50_1514,10325,S50_1514
10337_S50_1514,10337,S50_1514
10350_S50_1514,10350,S50_1514
10359_S50_1514,10359,S50_1514
10372_S50_1514,10372,S50_1514
10383_S50_1514,10383,S50_1514
10395_S50_1514,10395,S50_1514
10413_S50_1514,10413,S50_1514
10108_S50_4713,10108,S50_4713
10121_S50_4713,10121,S50_4713
10135_S50_4713,10135,S50_4713
10145_S50_4713,10145,S50_4713
10159_S50_4713,10159,S50_4713
10169_S50_4713,10169,S50_4713
10180_S50_4713,10180,S50_4713
10190_S50_4713,10190,S50_4713
10211_S50_4713,10211,S50_4713
10224_S50_4713,10224,S50_4713
10237_S50_4713,10237,S50_4713
10252_S50_4713,10252,S50_4713
10264_S50_4713,10264,S50_4713
10276_S50_4713,10276,S50_4713
10285_S50_4713,10285,S50_4713
10299_S50_4713,10299,S50_4713
10309_S50_4713,10309,S50_4713
10319_S50_4713,10319,S50_4713
10331_S50_4713,10331,S50_4713
10341_S50_4713,10341,S50_4713
10356_S50_4713,10356,S50_4713
10365_S50_4713,10365,S50_4713
10375_S50_4713,10375,S50_4713
10390_S50_4713,10390,S50_4713
10403_S50_4713,10403,S50_4713
10105_S700_1138,10105,S700_1138
10119_S700_1138,10119,S700_1138
10129_S700_1138,10129,S700_1138
10142_S700_1138,10142,S700_1138
10153_S700_1138,10153,S700_1138
10167_S700_1138,10167,S700_1138
10177_S700_1138,10177,S700_1138
10185_S700_1138,10185,S700_1138
10197_S700_1138,10197,S700_1138
10208_S700_1138,10208,S700_1138
10222_S700_1138,10222,S700_1138
10233_S700_1138,10233,S700_1138
10248_S700_1138,10248,S700_1138
10261_S700_1138,10261,S700_1138
10273_S700_1138,10273,S700_1138
10283_S700_1138,10283,S700_1138
10295_S700_1138,10295,S700_1138
10306_S700_1138,10306,S700_1138
10315_S700_1138,10315,S700_1138
10326_S700_1138,10326,S700_1138
10339_S700_1138,10339,S700_1138
10350_S700_1138,10350,S700_1138
10373_S700_1138,10373,S700_1138
10385_S700_1138,10385,S700_1138
10396_S700_1138,10396,S700_1138
10414_S700_1138,10414,S700_1138
10106_S700_1691,10106,S700_1691
10120_S700_1691,10120,S700_1691
10133_S700_1691,10133,S700_1691
10143_S700_1691,10143,S700_1691
10156_S700_1691,10156,S700_1691
10168_S700_1691,10168,S700_1691
10199_S700_1691,10199,S700_1691
10210_S700_1691,10210,S700_1691
10223_S700_1691,10223,S700_1691
10235_S700_1691,10235,S700_1691
10250_S700_1691,10250,S700_1691
10262_S700_1691,10262,S700_1691
10275_S700_1691,10275,S700_1691
10284_S700_1691,10284,S700_1691
10296_S700_1691,10296,S700_1691
10308_S700_1691,10308,S700_1691
10316_S700_1691,10316,S700_1691
10328_S700_1691,10328,S700_1691
10340_S700_1691,10340,S700_1691
10353_S700_1691,10353,S700_1691
10361_S700_1691,10361,S700_1691
10375_S700_1691,10375,S700_1691
10388_S700_1691,10388,S700_1691
10398_S700_1691,10398,S700_1691
10401_S700_1691,10401,S700_1691
10416_S700_1691,10416,S700_1691
10105_S700_1938,10105,S700_1938
10117_S700_1938,10117,S700_1938
10128_S700_1938,10128,S700_1938
10142_S700_1938,10142,S700_1938
10153_S700_1938,10153,S700_1938
10166_S700_1938,10166,S700_1938
10177_S700_1938,10177,S700_1938
10185_S700_1938,10185,S700_1938
10196_S700_1938,10196,S700_1938
10208_S700_1938,10208,S700_1938
10221_S700_1938,10221,S700_1938
10232_S700_1938,10232,S700_1938
10248_S700_1938,10248,S700_1938
10273_S700_1938,10273,S700_1938
10282_S700_1938,10282,S700_1938
10293_S700_1938,10293,S700_1938
10306_S700_1938,10306,S700_1938
10314_S700_1938,10314,S700_1938
10327_S700_1938,10327,S700_1938
10337_S700_1938,10337,S700_1938
10350_S700_1938,10350,S700_1938
10372_S700_1938,10372,S700_1938
10384_S700_1938,10384,S700_1938
10397_S700_1938,10397,S700_1938
10414_S700_1938,10414,S700_1938
10106_S700_2047,10106,S700_2047
10119_S700_2047,10119,S700_2047
10131_S700_2047,10131,S700_2047
10143_S700_2047,10143,S700_2047
10155_S700_2047,10155,S700_2047
10167_S700_2047,10167,S700_2047
10178_S700_2047,10178,S700_2047
10186_S700_2047,10186,S700_2047
10197_S700_2047,10197,S700_2047
10209_S700_2047,10209,S700_2047
10222_S700_2047,10222,S700_2047
10249_S700_2047,10249,S700_2047
10262_S700_2047,10262,S700_2047
10274_S700_2047,10274,S700_2047
10283_S700_2047,10283,S700_2047
10296_S700_2047,10296,S700_2047
10307_S700_2047,10307,S700_2047
10316_S700_2047,10316,S700_2047
10328_S700_2047,10328,S700_2047
10339_S700_2047,10339,S700_2047
10352_S700_2047,10352,S700_2047
10361_S700_2047,10361,S700_2047
10373_S700_2047,10373,S700_2047
10386_S700_2047,10386,S700_2047
10398_S700_2047,10398,S700_2047
10400_S700_2047,10400,S700_2047
10415_S700_2047,10415,S700_2047
10106_S700_2466,10106,S700_2466
10120_S700_2466,10120,S700_2466
10131_S700_2466,10131,S700_2466
10143_S700_2466,10143,S700_2466
10155_S700_2466,10155,S700_2466
10168_S700_2466,10168,S700_2466
10178_S700_2466,10178,S700_2466
10198_S700_2466,10198,S700_2466
10210_S700_2466,10210,S700_2466
10222_S700_2466,10222,S700_2466
10235_S700_2466,10235,S700_2466
10250_S700_2466,10250,S700_2466
10262_S700_2466,10262,S700_2466
10275_S700_2466,10275,S700_2466
10284_S700_2466,10284,S700_2466
10296_S700_2466,10296,S700_2466
10308_S700_2466,10308,S700_2466
10316_S700_2466,10316,S700_2466
10328_S700_2466,10328,S700_2466
10340_S700_2466,10340,S700_2466
10352_S700_2466,10352,S700_2466
10361_S700_2466,10361,S700_2466
10375_S700_2466,10375,S700_2466
10386_S700_2466,10386,S700_2466
10398_S700_2466,10398,S700_2466
10401_S700_2466,10401,S700_2466
10416_S700_2466,10416,S700_2466
10105_S700_2610,10105,S700_2610
10119_S700_2610,10119,S700_2610
10129_S700_2610,10129,S700_2610
10143_S700_2610,10143,S700_2610
10154_S700_2610,10154,S700_2610
10167_S700_2610,10167,S700_2610
10177_S700_2610,10177,S700_2610
10185_S700_2610,10185,S700_2610
10197_S700_2610,10197,S700_2610
10208_S700_2610,10208,S700_2610
10222_S700_2610,10222,S700_2610
10233_S700_2610,10233,S700_2610
10248_S700_2610,10248,S700_2610
10261_S700_2610,10261,S700_2610
10273_S700_2610,10273,S700_2610
10283_S700_2610,10283,S700_2610
10295_S700_2610,10295,S700_2610
10306_S700_2610,10306,S700_2610
10316_S700_2610,10316,S700_2610
10327_S700_2610,10327,S700_2610
10339_S700_2610,10339,S700_2610
10350_S700_2610,10350,S700_2610
10373_S700_2610,10373,S700_2610
10386_S700_2610,10386,S700_2610
10397_S700_2610,10397,S700_2610
10414_S700_2610,10414,S700_2610
10103_S700_2824,10103,S700_2824
10114_S700_2824,10114,S700_2824
10126_S700_2824,10126,S700_2824
10140_S700_2824,10140,S700_2824
10150_S700_2824,10150,S700_2824
10164_S700_2824,10164,S700_2824
10175_S700_2824,10175,S700_2824
10183_S700_2824,10183,S700_2824
10194_S700_2824,10194,S700_2824
10206_S700_2824,10206,S700_2824
10217_S700_2824,10217,S700_2824
10229_S700_2824,10229,S700_2824
10245_S700_2824,10245,S700_2824
10258_S700_2824,10258,S700_2824
10270_S700_2824,10270,S700_2824
10281_S700_2824,10281,S700_2824
10291_S700_2824,10291,S700_2824
10304_S700_2824,10304,S700_2824
10313_S700_2824,10313,S700_2824
10324_S700_2824,10324,S700_2824
10336_S700_2824,10336,S700_2824
10348_S700_2824,10348,S700_2824
10358_S700_2824,10358,S700_2824
10371_S700_2824,10371,S700_2824
10382_S700_2824,10382,S700_2824
10411_S700_2824,10411,S700_2824
10424_S700_2824,10424,S700_2824
10106_S700_2834,10106,S700_2834
10120_S700_2834,10120,S700_2834
10133_S700_2834,10133,S700_2834
10145_S700_2834,10145,S700_2834
10168_S700_2834,10168,S700_2834
10188_S700_2834,10188,S700_2834
10210_S700_2834,10210,S700_2834
10223_S700_2834,10223,S700_2834
10235_S700_2834,10235,S700_2834
10250_S700_2834,10250,S700_2834
10263_S700_2834,10263,S700_2834
10275_S700_2834,10275,S700_2834
10285_S700_2834,10285,S700_2834
10297_S700_2834,10297,S700_2834
10308_S700_2834,10308,S700_2834
10318_S700_2834,10318,S700_2834
10328_S700_2834,10328,S700_2834
10340_S700_2834,10340,S700_2834
10353_S700_2834,10353,S700_2834
10361_S700_2834,10361,S700_2834
10375_S700_2834,10375,S700_2834
10388_S700_2834,10388,S700_2834
10398_S700_2834,10398,S700_2834
10401_S700_2834,10401,S700_2834
10416_S700_2834,10416,S700_2834
10106_S700_3167,10106,S700_3167
10120_S700_3167,10120,S700_3167
10143_S700_3167,10143,S700_3167
10155_S700_3167,10155,S700_3167
10168_S700_3167,10168,S700_3167
10199_S700_3167,10199,S700_3167
10210_S700_3167,10210,S700_3167
10223_S700_3167,10223,S700_3167
10235_S700_3167,10235,S700_3167
10250_S700_3167,10250,S700_3167
10262_S700_3167,10262,S700_3167
10275_S700_3167,10275,S700_3167
10284_S700_3167,10284,S700_3167
10296_S700_3167,10296,S700_3167
10308_S700_3167,10308,S700_3167
10316_S700_3167,10316,S700_3167
10328_S700_3167,10328,S700_3167
10341_S700_3167,10341,S700_3167
10353_S700_3167,10353,S700_3167
10361_S700_3167,10361,S700_3167
10375_S700_3167,10375,S700_3167
10386_S700_3167,10386,S700_3167
10398_S700_3167,10398,S700_3167
10401_S700_3167,10401,S700_3167
10416_S700_3167,10416,S700_3167
10105_S700_3505,10105,S700_3505
10118_S700_3505,10118,S700_3505
10129_S700_3505,10129,S700_3505
10142_S700_3505,10142,S700_3505
10153_S700_3505,10153,S700_3505
10167_S700_3505,10167,S700_3505
10177_S700_3505,10177,S700_3505
10185_S700_3505,10185,S700_3505
10197_S700_3505,10197,S700_3505
10208_S700_3505,10208,S700_3505
10222_S700_3505,10222,S700_3505
10232_S700_3505,10232,S700_3505
10248_S700_3505,10248,S700_3505
10261_S700_3505,10261,S700_3505
10273_S700_3505,10273,S700_3505
10283_S700_3505,10283,S700_3505
10295_S700_3505,10295,S700_3505
10306_S700_3505,10306,S700_3505
10315_S700_3505,10315,S700_3505
10327_S700_3505,10327,S700_3505
10337_S700_3505,10337,S700_3505
10350_S700_3505,10350,S700_3505
10373_S700_3505,10373,S700_3505
10386_S700_3505,10386,S700_3505
10397_S700_3505,10397,S700_3505
10414_S700_3505,10414,S700_3505
10105_S700_3962,10105,S700_3962
10117_S700_3962,10117,S700_3962
10129_S700_3962,10129,S700_3962
10142_S700_3962,10142,S700_3962
10153_S700_3962,10153,S700_3962
10167_S700_3962,10167,S700_3962
10177_S700_3962,10177,S700_3962
10185_S700_3962,10185,S700_3962
10197_S700_3962,10197,S700_3962
10208_S700_3962,10208,S700_3962
10222_S700_3962,10222,S700_3962
10232_S700_3962,10232,S700_3962
10248_S700_3962,10248,S700_3962
10261_S700_3962,10261,S700_3962
10273_S700_3962,10273,S700_3962
10283_S700_3962,10283,S700_3962
10294_S700_3962,10294,S700_3962
10306_S700_3962,10306,S700_3962
10315_S700_3962,10315,S700_3962
10327_S700_3962,10327,S700_3962
10337_S700_3962,10337,S700_3962
10350_S700_3962,10350,S700_3962
10373_S700_3962,10373,S700_3962
10386_S700_3962,10386,S700_3962
10397_S700_3962,10397,S700_3962
10414_S700_3962,10414,S700_3962
10106_S700_4002,10106,S700_4002
10119_S700_4002,10119,S700_4002
10131_S700_4002,10131,S700_4002
10143_S700_4002,10143,S700_4002
10155_S700_4002,10155,S700_4002
10168_S700_4002,10168,S700_4002
10178_S700_4002,10178,S700_4002
10198_S700_4002,10198,S700_4002
10210_S700_4002,10210,S700_4002
10222_S700_4002,10222,S700_4002
10235_S700_4002,10235,S700_4002
10250_S700_4002,10250,S700_4002
10262_S700_4002,10262,S700_4002
10275_S700_4002,10275,S700_4002
10284_S700_4002,10284,S700_4002
10296_S700_4002,10296,S700_4002
10308_S700_4002,10308,S700_4002
10316_S700_4002,10316,S700_4002
10328_S700_4002,10328,S700_4002
10339_S700_4002,10339,S700_4002
10352_S700_4002,10352,S700_4002
10361_S700_4002,10361,S700_4002
10373_S700_4002,10373,S700_4002
10386_S700_4002,10386,S700_4002
10398_S700_4002,10398,S700_4002
10401_S700_4002,10401,S700_4002
10416_S700_4002,10416,S700_4002
10106_S72_1253,10106,S72_1253
10119_S72_1253,10119,S72_1253
10131_S72_1253,10131,S72_1253
10143_S72_1253,10143,S72_1253
10155_S72_1253,10155,S72_1253
10167_S72_1253,10167,S72_1253
10178_S72_1253,10178,S72_1253
10186_S72_1253,10186,S72_1253
10197_S72_1253,10197,S72_1253
10209_S72_1253,10209,S72_1253
10222_S72_1253,10222,S72_1253
10249_S72_1253,10249,S72_1253
10262_S72_1253,10262,S72_1253
10274_S72_1253,10274,S72_1253
10283_S72_1253,10283,S72_1253
10296_S72_1253,10296,S72_1253
10307_S72_1253,10307,S72_1253
10316_S72_1253,10316,S72_1253
10329_S72_1253,10329,S72_1253
10339_S72_1253,10339,S72_1253
10352_S72_1253,10352,S72_1253
10361_S72_1253,10361,S72_1253
10373_S72_1253,10373,S72_1253
10386_S72_1253,10386,S72_1253
10398_S72_1253,10398,S72_1253
10400_S72_1253,10400,S72_1253
10415_S72_1253,10415,S72_1253
10105_S72_3212,10105,S72_3212
10117_S72_3212,10117,S72_3212
10129_S72_3212,10129,S72_3212
10142_S72_3212,10142,S72_3212
10153_S72_3212,10153,S72_3212
10167_S72_3212,10167,S72_3212
10177_S72_3212,10177,S72_3212
10185_S72_3212,10185,S72_3212
10197_S72_3212,10197,S72_3212
10208_S72_3212,10208,S72_3212
10222_S72_3212,10222,S72_3212
10232_S72_3212,10232,S72_3212
10248_S72_3212,10248,S72_3212
10261_S72_3212,10261,S72_3212
10273_S72_3212,10273,S72_3212
10283_S72_3212,10283,S72_3212
10293_S72_3212,10293,S72_3212
10306_S72_3212,10306,S72_3212
10315_S72_3212,10315,S72_3212
10327_S72_3212,10327,S72_3212
10337_S72_3212,10337,S72_3212
10350_S72_3212,10350,S72_3212
10373_S72_3212,10373,S72_3212
10386_S72_3212,10386,S72_3212
10397_S72_3212,10397,S72_3212
10414_S72_3212,10414,S72_3212
